1;ANTONIO
2;MANUEL
3;JOSE
4;FRANCISCO
5;DAVID
6;JUAN
7;JAVIER
8;DANIEL
9;JOSE ANTONIO
10;FRANCISCO JAVIER
11;JOSE LUIS
12;CARLOS
13;ALEJANDRO
14;JESUS
15;MIGUEL
16;JOSE MANUEL
17;MIGUEL ANGEL
18;RAFAEL
19;PABLO
20;PEDRO
21;ANGEL
22;SERGIO
23;FERNANDO
24;JOSE MARIA
25;JORGE
26;LUIS
27;ALBERTO
28;ALVARO
29;JUAN CARLOS
30;ADRIAN
31;DIEGO
32;JUAN JOSE
33;RAUL
34;IVAN
35;RUBEN
36;JUAN ANTONIO
37;OSCAR
38;ENRIQUE
39;RAMON
40;ANDRES
41;JUAN MANUEL
42;SANTIAGO
43;VICENTE
44;MARIO
45;VICTOR
46;JOAQUIN
47;EDUARDO
48;ROBERTO
49;MARCOS
50;JAIME
51;FRANCISCO JOSE
52;HUGO
53;IGNACIO
54;JORDI
55;ALFONSO
56;RICARDO
57;SALVADOR
58;MARC
59;GUILLERMO
60;MOHAMED
61;GABRIEL
62;MARTIN
63;GONZALO
64;EMILIO
65;JOSE MIGUEL
66;JULIO
67;JULIAN
68;TOMAS
69;NICOLAS
70;AGUSTIN
71;LUCAS
72;SAMUEL
73;JOSE RAMON
74;ISMAEL
75;CRISTIAN
76;JOAN
77;AITOR
78;FELIX
79;HECTOR
80;ALEX
81;IKER
82;JUAN FRANCISCO
83;JOSE CARLOS
84;MATEO
85;SEBASTIAN
86;CESAR
87;JOSEP
88;ALFREDO
89;MARIANO
90;RODRIGO
91;JOSE ANGEL
92;DOMINGO
93;VICTOR MANUEL
94;JOSE IGNACIO
95;FELIPE
96;LUIS MIGUEL
97;JOSE FRANCISCO
98;XAVIER
99;ALBERT
100;JUAN LUIS
101;PAU
102;AARON
103;IZAN
104;ERIC
105;ANTONIO JOSE
106;GREGORIO
107;BORJA
108;LORENZO
109;MOHAMMED
110;ARTURO
111;ESTEBAN
112;CRISTOBAL
113;JOEL
114;LEO
115;ISAAC
116;JOSE JAVIER
117;ASIER
118;BRUNO
119;DARIO
120;ANTONIO JESUS
121;JUAN MIGUEL
122;FRANCISCO MANUEL
123;MARCO
124;JESUS MARIA
125;UNAI
126;EUGENIO
127;JAUME
128;ABEL
129;GERMAN
130;JONATHAN
131;AHMED
132;MIKEL
133;PEDRO JOSE
134;JOSE VICENTE
135;SERGI
136;OMAR
137;CHRISTIAN
138;MOISES
139;VALENTIN
140;POL
141;JON
142;IÑIGO
143;JUAN RAMON
144;GERARD
145;MANUEL JESUS
146;ADAM
147;JUAN PEDRO
148;ARNAU
149;ADOLFO
150;OLIVER
151;ISRAEL
152;ORIOL
153;MIQUEL
154;ERNESTO
155;ANTONIO MANUEL
156;JONATAN
157;ELOY
158;ISIDRO
159;GERARDO
160;BERNARDO
161;BENITO
162;YOUSSEF
163;FEDERICO
164;JOSE ALBERTO
165;CARMELO
166;JESUS MANUEL
167;ENZO
168;LUIS ALBERTO
169;SAUL
170;FRANCESC
171;ALONSO
172;ADRIA
173;JUAN JESUS
174;ROGER
175;MATIAS
176;ERIK
177;KEVIN
178;MARTI
179;PASCUAL
180;ELIAS
181;JUAN PABLO
182;IÑAKI
183;ANDER
184;ALEXANDER
185;GUILLEM
186;CARLES
187;BENJAMIN
188;JOSEP MARIA
189;CARLOS ALBERTO
190;MARCO ANTONIO
191;BARTOLOME
192;JULEN
193;PEDRO ANTONIO
194;PERE
195;JOSE ENRIQUE
196;LLUIS
197;ABRAHAM
198;ANTONI
199;FERMIN
200;ALEIX
201;ANGEL LUIS
202;JUAN IGNACIO
203;MARCELINO
204;SAID
205;FRANCISCO JESUS
206;XABIER
207;GORKA
208;FERRAN
209;JAN
210;LEONARDO
211;LUIS FERNANDO
212;AURELIO
213;GUSTAVO
214;RACHID
215;ROMAN
216;YERAY
217;JERONIMO
218;MANUEL ANGEL
219;IAN
220;LUIS MANUEL
221;JOSE JUAN
222;DAMIAN
223;CARLOS JAVIER
224;ALI
225;JOSE DAVID
226;JACINTO
227;EUSEBIO
228;PEDRO LUIS
229;ENRIC
230;LUCA
231;VICTORIANO
232;ARMANDO
233;JAIRO
234;GAEL
235;DYLAN
236;ENEKO
237;JUAN BAUTISTA
238;BIEL
239;ISIDORO
240;NIL
241;EDUARD
242;THIAGO
243;JULIO CESAR
244;JOSE JOAQUIN
245;BLAS
246;MUSTAPHA
247;GINES
248;EDGAR
249;JUAN MARIA
250;SANTOS
251;TEODORO
252;FRANCISCO ANTONIO
253;DIONISIO
254;CANDIDO
255;JUSTO
256;EMILIO JOSE
257;SIMON
258;JOSE ANDRES
259;FLORENCIO
260;LUIS ANGEL
261;LUIS ANTONIO
262;JESUS ANGEL
263;JACOBO
264;MAXIMO
265;EMILIANO
266;ALEXIS
267;IGOR
268;YAGO
269;LUIS MARIA
270;SERAFIN
271;EZEQUIEL
272;HASSAN
273;ALEXANDRE
274;MUHAMMAD
275;JUAN DIEGO
276;AYOUB
277;FAUSTINO
278;IBAI
279;MAURO
280;FRANCISCO MIGUEL
281;RAYAN
282;HAMZA
283;RAMIRO
284;MANUEL ANTONIO
285;FIDEL
286;CLAUDIO
287;JORGE LUIS
288;ANDREU
289;PEDRO MANUEL
290;JOSE DANIEL
291;AMADOR
292;IAGO
293;JOSE FERNANDO
294;ARITZ
295;AIMAR
296;CARLOS MANUEL
297;ROGELIO
298;ION
299;LUCIANO
300;JUAN ANDRES
301;KHALID
302;JUAN DIOS
303;ALAN
304;JOSUE
305;JUAN VICENTE
306;ANTONIO JAVIER
307;MANUEL JOSE
308;CAYETANO
309;JOAQUIM
310;BILAL
311;LEANDRO
312;ANTONIO MIGUEL
313;LUIS JAVIER
314;ILDEFONSO
315;LUIS CARLOS
316;FABIO
317;FABIAN
318;ANTONIO LUIS
319;ABDELLAH
320;MARKEL
321;PEDRO JESUS
322;MODESTO
323;MANEL
324;NESTOR
325;HICHAM
326;FLORENTINO
327;PEDRO MARIA
328;ROBERT
329;FRANCESC XAVIER
330;ANGEL MANUEL
331;OIER
332;JUAN ANGEL
333;CONSTANTINO
334;PAULINO
335;IMANOL
336;BRAIS
337;ELADIO
338;MARCELO
339;IBRAHIM
340;AVELINO
341;LIAM
342;CELESTINO
343;ANAS
344;YASSINE
345;ABDELKADER
346;BRAHIM
347;RICARD
348;NOEL
349;ANDONI
350;LUIS ENRIQUE
351;SATURNINO
352;BERNAT
353;GASPAR
354;JUAN ALBERTO
355;FERNANDO JOSE
356;VASILE
357;JOSU
358;DIDAC
359;GHEORGHE
360;RUFINO
361;ROBERTO CARLOS
362;JESUS ANTONIO
363;AXEL
364;JUAN DAVID
365;ANTON
366;NOAH
367;MARCEL
368;CLEMENTE
369;JOSEBA
370;ANGEL MARIA
371;ABDELAZIZ
372;MAX
373;BASILIO
374;ABDERRAHIM
375;AMIR
376;RAIMUNDO
377;ADAN
378;PEDRO PABLO
379;KARIM
380;MICHAEL
381;MANUEL ALEJANDRO
382;IOAN
383;FELICIANO
384;HILARIO
385;ANTONIO FRANCISCO
386;MAURICIO
387;EVARISTO
388;HAMID
389;MARCIAL
390;FRANCISCO LUIS
391;ALAIN
392;PATRICIO
393;ISMAIL
394;BRIAN
395;PELAYO
396;ELISEO
397;ZAKARIA
398;PEDRO JAVIER
399;MAMADOU
400;LAUREANO
401;CARLOS JOSE
402;ROQUE
403;NARCISO
404;CAMILO
405;LLUC
406;LEOPOLDO
407;TEO
408;CECILIO
409;BERNARDINO
410;BENIGNO
411;JOSE GABRIEL
412;PAUL
413;PEDRO MIGUEL
414;FRANCISCO BORJA
415;DENIS
416;MOUSSA
417;ELOI
418;CONSTANTIN
419;JAMAL
420;SEGUNDO
421;FRANCISCO ASIS
422;JOSE RAFAEL
423;JOSE FELIX
424;JESUS MIGUEL
425;VALERIANO
426;JOSE ALEJANDRO
427;OCTAVIO
428;RODOLFO
429;DEMETRIO
430;MARIAN
431;JOSE PEDRO
432;CESAREO
433;LUIS FRANCISCO
434;AZIZ
435;BEÑAT
436;DRISS
437;MANUEL FRANCISCO
438;ADAY
439;AYMAN
440;ALBERTO JOSE
441;ABDESLAM
442;ALESSANDRO
443;BERNABE
444;IGNASI
445;LAZARO
446;CARLOS ENRIQUE
447;SAMIR
448;NABIL
449;KILIAN
450;JUAN ENRIQUE
451;BIENVENIDO
452;GUSTAVO ADOLFO
453;NOE
454;PABLO JOSE
455;JESUS JAVIER
456;LUCIO
457;UNAX
458;JOSE DOMINGO
459;BALTASAR
460;IMRAN
461;YASSIN
462;NICOLAE
463;YOUNES
464;ANIBAL
465;CIPRIANO
466;VICENT
467;ANSELMO
468;VICTOR JOSE
469;ADIL
470;FLORIN
471;JORGE JUAN
472;JUAN GABRIEL
473;ANASTASIO
474;IBON
475;ORLANDO
476;LUIS EDUARDO
477;AMADEO
478;MARCOS ANTONIO
479;LUIS ALFONSO
480;ALEJANDRO JOSE
481;JUAN FERNANDO
482;CELSO
483;IBAN
484;PLACIDO
485;VICENTE JOSE
486;JOSE PABLO
487;ROC
488;FULGENCIO
489;EDUARDO JOSE
490;EULOGIO
491;CARLOS ANDRES
492;ALEXANDRU
493;CARLOS ANTONIO
494;ANDRES FELIPE
495;CASIMIRO
496;GAIZKA
497;BALDOMERO
498;TEOFILO
499;MAXIMILIANO
500;NORBERTO
501;YOEL
502;YAHYA
503;JOSE TOMAS
504;JESUS ALBERTO
505;HERMINIO
506;JOSE JESUS
507;NACHO
508;JUAN SEBASTIAN
509;MIGUEL ANTONIO
510;ANTONIO MARIA
511;ANTONIO DAVID
512;MAXIMINO
513;BELTRAN
514;ANXO
515;NOUREDDINE
516;JOSE EDUARDO
517;EDER
518;OUSSAMA
519;ERICK
520;IBRAHIMA
521;VIDAL
522;JOSE ALFONSO
523;ANDREI
524;LUIS FELIPE
525;JOSE EMILIO
526;MARINO
527;AQUILINO
528;ENRIQUE JOSE
529;STEFAN
530;PEDRO ANGEL
531;BRYAN
532;ALEJO
533;ISAIAS
534;ANGEL JOSE
535;LUKA
536;NEIZAN
537;WALID
538;FRANCISCO RAMON
539;GIOVANNI
540;LEON
541;MELCHOR
542;GUMERSINDO
543;LANDER
544;MARIUS
545;CESAR AUGUSTO
546;DIEGO JOSE
547;ILYAS
548;CARLOS EDUARDO
549;MIMOUN
550;RICHARD
551;JOSE RAUL
552;HIPOLITO
553;BONIFACIO
554;JOSE JULIAN
555;ROSENDO
556;MIHAI
557;ACHRAF
558;VICTOR HUGO
559;JORGE ANTONIO
560;XAVI
561;JORGE MANUEL
562;MARK
563;VICTORINO
564;AUGUSTO
565;PEDRO JUAN
566;ARKAITZ
567;VIRGILIO
568;MOURAD
569;KAMAL
570;EMMANUEL
571;ARSENIO
572;ENDIKA
573;JOSE GREGORIO
574;OLEKSANDR
575;TONI
576;JOSE RICARDO
577;ABDELILAH
578;FERNANDO JAVIER
579;ABDELLATIF
580;LUIS JOSE
581;URKO
582;JUAN RAFAEL
583;JON ANDER
584;AMINE
585;HIGINIO
586;ELEUTERIO
587;JOSE AGUSTIN
588;GENIS
589;JACOB
590;OIHAN
591;CARLOS JESUS
592;ANGEL ANTONIO
593;ARAN
594;HERNAN
595;YERAI
596;ROI
597;MANUEL MARIA
598;MOSTAFA
599;JOHN
600;JOSE BENITO
601;ABDERRAHMAN
602;TELMO
603;RUBEN DARIO
604;ABELARDO
605;MATTEO
606;URBANO
607;TARIK
608;ARTUR
609;VLADIMIR
610;EFREN
611;JUAN CRUZ
612;EKAITZ
613;CEFERINO
614;AMIN
615;SOUFIANE
616;MOHAMMAD
617;SEVERINO
618;CARLOS MIGUEL
619;VENANCIO
620;IMAD
621;FRANCESCO
622;LAHCEN
623;JULIO ALBERTO
624;DUMITRU
625;QUIM
626;HUMBERTO
627;PABLO ANTONIO
628;ANDREA
629;SALAH
630;ABDELKARIM
631;VOLODYMYR
632;NICO
633;DEREK
634;DANIEL ALEJANDRO
635;JOSE JULIO
636;JESUS DAVID
637;ULISES
638;CONRADO
639;ANTONIO ANGEL
640;INOCENCIO
641;RAFAEL ANTONIO
642;FOUAD
643;DIEGO FERNANDO
644;BRAULIO
645;THOMAS
646;ANGEL JESUS
647;JONAS
648;JUAN DANIEL
649;GENARO
650;PETER
651;DANEL
652;CARLOS LUIS
653;LLORENÇ
654;ABDOULAYE
655;FRANCISCO DAVID
656;BAUTISTA
657;SAAD
658;PEDRO FRANCISCO
659;LUIS MARIANO
660;CHRISTOPHER
661;AGUSTI
662;ANTONIO RAMON
663;ESTEVE
664;JORGE ALBERTO
665;FRANCISCO PAULA
666;ADRIANO
667;PRIMITIVO
668;IONEL
669;NELSON
670;WILLIAM
671;MOUNIR
672;JUAN ALFONSO
673;DELFIN
674;JUAN CAMILO
675;FAUSTO
676;PRUDENCIO
677;RENE
678;CARLOS DANIEL
679;JAOUAD
680;MOHAMED AMIN
681;JULIO JOSE
682;JUAN ESTEBAN
683;MHAMED
684;GIUSEPPE
685;VICENTE JAVIER
686;NEMESIO
687;INDALECIO
688;LUIS IGNACIO
689;JOSE ALFREDO
690;ABDELALI
691;ABDERRAHMANE
692;AKRAM
693;FARID
694;ROMEO
695;ERNEST
696;ANGEL DAVID
697;AGAPITO
698;ANDRE
699;LEONCIO
700;ARES
701;RAFAEL ANGEL
702;HODEI
703;ANGEL FRANCISCO
704;JOSE MARTIN
705;RICARDO JOSE
706;ILIAS
707;SECUNDINO
708;DIEGO JESUS
709;LUIS ALEJANDRO
710;OVIDIO
711;OUSMANE
712;MIGUEL JOSE
713;ETHAN
714;NIZAR
715;GABINO
716;VICENÇ
717;YOUNESS
718;RAFAEL JESUS
719;JONAY
720;IGNACIO JAVIER
721;SILVESTRE
722;MOHAMED AMINE
723;ABDELGHANI
724;XOEL
725;JUAN SALVADOR
726;IONUT
727;LINO
728;ABDELHAK
729;ANOUAR
730;ARIEL
731;EL HASSAN
732;TRISTAN
733;JOKIN
734;AMBROSIO
735;DIEGO ALEJANDRO
736;VIOREL
737;MUSTAFA
738;ANICETO
739;SAMI
740;JESUS FRANCISCO
741;NICANOR
742;VICENTE MANUEL
743;AIRAM
744;JUAN JAVIER
745;ANTHONY
746;MANUEL ENRIQUE
747;OSCAR MANUEL
748;HORACIO
749;CARLOS DAVID
750;EGOITZ
751;PEPE
752;RAFAEL JOSE
753;OSCAR LUIS
754;FERNANDO MANUEL
755;SIXTO
756;FRANCISCO GABRIEL
757;ABDESSAMAD
758;ESTANISLAO
759;MAHAMADOU
760;IGNACIO JOSE
761;JORGE ENRIQUE
762;SABINO
763;TIAGO
764;MANUEL LUIS
765;LUIS DAVID
766;GEORGE
767;REDA
768;DESIDERIO
769;LUIS ALFREDO
770;ABDELMAJID
771;KAI
772;LUIS JESUS
773;VICTOR JAVIER
774;SEVERIANO
775;DAMASO
776;ABRAHAN
777;BRAYAN
778;ABDELKRIM
779;HELIODORO
780;VENTURA
781;CARLOS MARIA
782;JOSEP LLUIS
783;GILBERTO
784;JULIO ANTONIO
785;HERMENEGILDO
786;ALVARO JOSE
787;URIEL
788;ANASS
789;JOSE ROBERTO
790;JUAN FELIPE
791;ELIAN
792;SEBASTIA
793;BLAI
794;EKAIN
795;CARLOS FRANCISCO
796;JOSE SALVADOR
797;ANER
798;MANUEL RAMON
799;ANGEL MIGUEL
800;VASYL
801;DANIEL JESUS
802;JOSE PASCUAL
803;ANTOLIN
804;ARON
805;NARCIS
806;ANTONIO CARLOS
807;ANTONIO JUAN
808;ANIOL
809;STEFANO
810;ALEJANDRO MANUEL
811;PABLO JESUS
812;ALFONSO JOSE
813;AMADOU
814;WENCESLAO
815;PABLO MANUEL
816;PATRICK
817;HONORIO
818;BOSCO
819;SANDRO
820;SANTIAGO JOSE
821;MOUSTAPHA
822;BENEDICTO
823;VIKTOR
824;PAOLO
825;DIEGO MANUEL
826;FERNANDO JESUS
827;GUZMAN
828;SILVERIO
829;ABDELHAMID
830;CELEDONIO
831;ALBINO
832;FRANCISCO VICENTE
833;DIMAS
834;JESUS RAMON
835;SERVANDO
836;EUSTAQUIO
837;EMANUEL
838;ARCADIO
839;ENRIQUE MANUEL
840;ANTONIO VICENTE
841;AMETS
842;JESUS JOSE
843;JUAN DOMINGO
844;MATEU
845;ADAMA
846;ANGEL JAVIER
847;MANUEL VICENTE
848;FLORIAN
849;GIL
850;OLEGARIO
851;YASSIR
852;JUAN MARTIN
853;ENOL
854;AMADO
855;JOSHUA
856;JOSE SANTIAGO
857;JESUS IGNACIO
858;YASSER
859;FRANCISCO RAFAEL
860;DANTE
861;NICASIO
862;LUIS RAMON
863;FRANCISCO DANIEL
864;MOUAD
865;ARGIMIRO
866;OLEG
867;KOLDO
868;ZACARIAS
869;ANDRES JESUS
870;NAIM
871;MANUEL FERNANDO
872;ANDRIY
873;FRANK
874;JOSE IVAN
875;MIQUEL ANGEL
876;MICHEL
877;ANTONIO RAFAEL
878;LUIS DANIEL
879;MARÇAL
880;JESUS CARLOS
881;FRANCISCO JUAN
882;MANUEL ALBERTO
883;BARTOMEU
884;EPIFANIO
885;DANIEL JOSE
886;ABDELHADI
887;ROLANDO
888;DAVID ALEJANDRO
889;PABLO JAVIER
890;AMANCIO
891;DAVID JOSE
892;ALBERTO MANUEL
893;PAULO
894;CHEIKH
895;JOSE JORGE
896;MAXIM
897;WALTER
898;JUAN MARCOS
899;OSCAR JAVIER
900;ANGELO
901;FERNANDO LUIS
902;DONATO
903;ISSAM
904;JUAN AGUSTIN
905;ENRIQUE JAVIER
906;DENNIS
907;DAN
908;JUSTINO
909;JOSE GUILLERMO
910;BALBINO
911;JAMES
912;ABILIO
913;BADR
914;JOSE EUGENIO
915;JORDAN
916;JOAN CARLES
917;ANTONINO
918;PAVEL
919;SOUFIAN
920;LUIS VICENTE
921;MIGUEL JESUS
922;COSME
923;DIEGO ANTONIO
924;PEIO
925;SERGIO MANUEL
926;ALFONSO CARLOS
927;FERNANDO ANTONIO
928;JOSE MARIO
929;REMIGIO
930;MEHDI
931;CRISTOFER
932;VICTORIO
933;BUENAVENTURA
934;KEPA
935;JESUS ENRIQUE
936;STEVEN
937;COSTEL
938;RAFEL
939;ANGEL GABRIEL
940;ADNAN
941;FRANCISCO ANGEL
942;JORGE ANDRES
943;GUILLERMO JOSE
944;MYKOLA
945;OTMAN
946;LUKAS
947;MANUEL CARLOS
948;ALBERTO JESUS
949;FACUNDO
950;SALIM
951;JOAN JOSEP
952;MIGUEL MARIA
953;JAVIER ANTONIO
954;EDWIN
955;LAMINE
956;JESUS LUIS
957;MANUEL DAVID
958;EL MOSTAFA
959;RAMON JOSE
960;AURELIANO
961;MARIN
962;ROMUALDO
963;AMAR
964;PETRU
965;JOSE DAMIAN
966;JOSE DIEGO
967;JOSE FELIPE
968;LUKEN
969;ROBERTO JOSE
970;REDOUANE
971;JUAN EMILIO
972;ALBERTO JAVIER
973;SERGIO JOSE
974;IULIAN
975;RAYCO
976;EMIL
977;JULIO MANUEL
978;OUMAR
979;JOSEP ANTONI
980;DAVID JESUS
981;CARLOS FERNANDO
982;PERFECTO
983;SERGIO ANTONIO
984;JUAN TOMAS
985;CRESCENCIO
986;ANWAR
987;EIDEN
988;IGNACIO MARIA
989;ABDELHAKIM
990;CIRO
991;ANDRES MANUEL
992;MUSA
993;DAVIDE
994;HENRY
995;FRANCISCO ALBERTO
996;MIGUEL ALEJANDRO
997;HERIBERTO
998;JOSE JAIME
999;LARBI
1000;ALEJANDRO JESUS
1001;RAMON ANTONIO
1002;ABDUL
1003;HARITZ
1004;JOSEP ORIOL
1005;JOSEPH
1006;NIKOLAY
1007;AMALIO
1008;ABDELHAFID
1009;BORIS
1010;DMYTRO
1011;REYES
1012;TIMOTEO
1013;LAURENTINO
1014;JOSE MARIANO
1015;MOHAMED ALI
1016;ALEJANDRO JAVIER
1017;JEAN CARLOS
1018;AHMAD
1019;JESUS FERNANDO
1020;MAIKEL
1021;LOIS
1022;JOSE ESTEBAN
1023;CRISTHIAN
1024;MIGUEL FRANCISCO
1025;JUAN ALEJANDRO
1026;MODOU
1027;ADONAY
1028;ARATZ
1029;GEORGI
1030;FRANCISCO TOMAS
1031;FREDERIC
1032;PEDRO ENRIQUE
1033;FRANCISCO ANDRES
1034;EDUARDO MANUEL
1035;LISARDO
1036;HARON
1037;IOSU
1038;DANIELE
1039;JOAQUIN MANUEL
1040;JORGE JAVIER
1041;SAMBA
1042;MASSIMO
1043;PABLO ANDRES
1044;DAVID MANUEL
1045;FRANCO
1046;ANDRES JOSE
1047;REDOUAN
1048;ONOFRE
1049;JESUS SALVADOR
1050;WILSON
1051;PATXI
1052;JAVIER JESUS
1053;ALFONSO JAVIER
1054;EUDALD
1055;IYAD
1056;JAVIER ALEJANDRO
1057;JOSE LORENZO
1058;MANUEL IGNACIO
1059;NOUR EDDINE
1060;XIAN
1061;IHOR
1062;SENEN
1063;ANTONIO JOAQUIN
1064;SOULEYMANE
1065;JOSE RUBEN
1066;JHON JAIRO
1067;JUAN FELIX
1068;CIRILO
1069;YURIY
1070;ENAITZ
1071;JEAN PIERRE
1072;JOSE ADRIAN
1073;JOSE VICTOR
1074;DANI
1075;MICHELE
1076;MOHAMED REDA
1077;NAHUEL
1078;SORIN
1079;IZEI
1080;YASIN
1081;DANIEL ANTONIO
1082;JOAQUIN JOSE
1083;MARIO ALBERTO
1084;PEDRO VICENTE
1085;VALENTINO
1086;LUIS ANDRES
1087;AMABLE
1088;MANUEL JAVIER
1089;RAFAEL MANUEL
1090;SERGEY
1091;VICTOR JESUS
1092;MAROUANE
1093;ANGEL RAMON
1094;NATALIO
1095;NADIR
1096;JOAN ANTONI
1097;HECTOR MANUEL
1098;JULIAN ANDRES
1099;EFRAIN
1100;FRAN
1101;ANDREW
1102;EMETERIO
1103;GABRIEL ALEJANDRO
1104;ANDREY
1105;NATHAN
1106;ZEUS
1107;MARIO JOSE
1108;EMILIO JESUS
1109;MORAD
1110;DAVID ANTONIO
1111;EDELMIRO
1112;GARIKOITZ
1113;JORGE MIGUEL
1114;JOSE BERNARDO
1115;JEREMY
1116;JOSE MARCOS
1117;CRISTIAN DAVID
1118;DOROTEO
1119;ANTONIO ENRIQUE
1120;EVELIO
1121;KHALIL
1122;MANEX
1123;MANUEL MIGUEL
1124;JAVIER IGNACIO
1125;JAVIER JOSE
1126;AYOZE
1127;ABDOU
1128;REINALDO
1129;BOUBACAR
1130;JESUS DANIEL
1131;VICENTE RAMON
1132;DOMINGO JOSE
1133;BOGDAN
1134;JESUS VICENTE
1135;RAIMON
1136;RUSLAN
1137;ELIO
1138;BAKARY
1139;JOFRE
1140;RAYANE
1141;MILOUD
1142;NAUZET
1143;UBALDO
1144;ALLAL
1145;JAVIER MARIA
1146;MARCIANO
1147;PEDRO IGNACIO
1148;CARLO
1149;AMANDO
1150;RIDA
1151;VICTOR ANTONIO
1152;ILYASS
1153;JORGE EDUARDO
1154;AUREL
1155;VICTOR MIGUEL
1156;PEDRO RAMON
1157;TAREK
1158;EDUARDO ANTONIO
1159;DIEGO ANDRES
1160;SALVATORE
1161;OSCAR DAVID
1162;HAKIM
1163;OSCAR JOSE
1164;RONALD
1165;HAFID
1166;MARWAN
1167;CATALIN
1168;ISSA
1169;ABDERRAZAK
1170;THEO
1171;RAFAEL FRANCISCO
1172;FRUCTUOSO
1173;RICARDO MANUEL
1174;EINAR
1175;ILIE
1176;PEDRO DAVID
1177;PABLO LUIS
1178;CALIXTO
1179;PEDRO ALBERTO
1180;ADRIEL
1181;EMILI
1182;ALVAR
1183;JAWAD
1184;URTZI
1185;JHONATAN
1186;ALFREDO JOSE
1187;VICENTE ANTONIO
1188;WASSIM
1189;ANTONIO FERNANDO
1190;FRANCISCO ALEJANDRO
1191;JORGE JOSE
1192;ISIDRE
1193;ALEKSANDR
1194;SALAH EDDINE
1195;ALIOU
1196;JOHN JAIRO
1197;FRANCISCO JOAQUIN
1198;MATHIAS
1199;MACARIO
1200;ZAID
1201;ARTEM
1202;CARLOS ARTURO
1203;JOAQUIN ANTONIO
1204;REGINO
1205;SIMONE
1206;LADISLAO
1207;SALUSTIANO
1208;IVAN JOSE
1209;JORGE DAVID
1210;CIRIACO
1211;EMILIO MANUEL
1212;YOUSEF
1213;ALVARO JESUS
1214;NICOLA
1215;CARLOS GUSTAVO
1216;RICARDO ANTONIO
1217;VICTOR DANIEL
1218;GIORGI
1219;HASSANE
1220;JUAN LORENZO
1221;EL MEHDI
1222;JAIME JOSE
1223;ALFONS
1224;ALFRED
1225;FRANCISCO CARLOS
1226;CARLOS ALEJANDRO
1227;FELIX MANUEL
1228;ANDREAS
1229;AYMANE
1230;STEPHEN
1231;ALFONSO MANUEL
1232;MANUEL ANDRES
1233;JUAN EDUARDO
1234;MYKHAYLO
1235;RAMON MARIA
1236;MIHAIL
1237;ALEXANDRO
1238;JOSEBA ANDONI
1239;ENRIQUE JESUS
1240;VICENTE JESUS
1241;LUIGI
1242;YAEL
1243;CESC
1244;JOSE OSCAR
1245;GIANLUCA
1246;MAEL
1247;OLEH
1248;CARLOS ALFONSO
1249;CRISTINO
1250;LUIS GABRIEL
1251;ERLANTZ
1252;BABACAR
1253;CASTO
1254;DIEGO ARMANDO
1255;RUPERTO
1256;LOGAN
1257;EDUARDO JAVIER
1258;EL MUSTAPHA
1259;JORGE ALEJANDRO
1260;LUIS GUILLERMO
1261;NAZARIO
1262;RAFAEL CARLOS
1263;PORFIRIO
1264;ASENSIO
1265;JORGE DANIEL
1266;AIUR
1267;DAMIA
1268;VICENTE LUIS
1269;CUSTODIO
1270;GERVASIO
1271;OUALID
1272;MILLAN
1273;AIMAN
1274;ANGEL ALBERTO
1275;JOSE ARTURO
1276;PEP
1277;EROS
1278;MIKHAIL
1279;JOSE CARMELO
1280;CARLOS ALFREDO
1281;VALERIO
1282;LUCCA
1283;ANGEL DANIEL
1284;YONATAN
1285;ATANASIO
1286;CASTOR
1287;MOUHAMED
1288;EÑAUT
1289;TORCUATO
1290;ANDRII
1291;JUAN CRISTOBAL
1292;DOMINGO ANTONIO
1293;JORGE FRANCISCO
1294;FERNANDO MARIA
1295;PERU
1296;CRISTOPHER
1297;FRANCISCO ENRIQUE
1298;NEL
1299;TAOUFIK
1300;ANDERSON
1301;EULALIO
1302;FAISAL
1303;EL BACHIR
1304;ZAKARIAE
1305;ALEJANDRO ANTONIO
1306;VINCENZO
1307;JOSE ARMANDO
1308;TAHA
1309;ALVARO MANUEL
1310;FELIX JOSE
1311;LEONEL
1312;MAGI
1313;ARAY
1314;RENATO
1315;RAFAEL LUIS
1316;ANTONIO ALBERTO
1317;EDUARDO JESUS
1318;JOSE AURELIO
1319;NIKITA
1320;EVAN
1321;JOAN MANUEL
1322;FORTUNATO
1323;TIRSO
1324;ALEXEY
1325;MAGIN
1326;MAHMOUD
1327;OSCAR ANTONIO
1328;CORNEL
1329;OSKAR
1330;FERNANDO MIGUEL
1331;INOCENTE
1332;FELIX ANGEL
1333;LUCIAN
1334;MBAREK
1335;AISSA
1336;ANDY
1337;JESUS ALEJANDRO
1338;BREIXO
1339;CESAR MANUEL
1340;JORGE CARLOS
1341;VICENTE MIGUEL
1342;EDMUNDO
1343;BELARMINO
1344;CESAR ANTONIO
1345;DANILO
1346;AINGERU
1347;FELICISIMO
1348;LIONEL
1349;EBRIMA
1350;RAMON JESUS
1351;JESUS ANDRES
1352;RICARDO JAVIER
1353;RICCARDO
1354;NATANAEL
1355;SANTIAGO MANUEL
1356;BACHIR
1357;DANIEL ALBERTO
1358;ANTONIO DANIEL
1359;MARCOS JOSE
1360;CRUZ
1361;PEDRO ANDRES
1362;EKHI
1363;AYTHAMI
1364;ENMANUEL
1365;FRANCISCO FERNANDO
1366;MICHAEL JOHN
1367;SIMEON
1368;RADOUANE
1369;MAHER
1370;TELESFORO
1371;ADEL
1372;MILAN
1373;ENRIQUE ANTONIO
1374;MOSTAPHA
1375;IVAN JESUS
1376;JOAQUIN MARIA
1377;HECTOR JOSE
1378;JUAN GUILLERMO
1379;NAEL
1380;RAFAEL MARIA
1381;JUAN SANTIAGO
1382;KHALED
1383;YASIR
1384;DAOUDA
1385;YUSEF
1386;JOSE NICOLAS
1387;PABLO DANIEL
1388;MAKSYM
1389;JEREMIAS
1390;JOSEP RAMON
1391;DAVID JOHN
1392;FABRIZIO
1393;OSAMA
1394;SERHIY
1395;ELEAZAR
1396;JEAN PAUL
1397;CRISTIAN CAMILO
1398;YAROSLAV
1399;FLAVIO
1400;GUIM
1401;MAROUAN
1402;MHAMMED
1403;AITZOL
1404;MBAYE
1405;EIDAN
1406;MANUEL ALFONSO
1407;MIGUEL LUIS
1408;JAVIER FRANCISCO
1409;RUYMAN
1410;SILVINO
1411;JAIME ANTONIO
1412;VICTOR ALFONSO
1413;PABLO MIGUEL
1414;TORIBIO
1415;ALBERTO CARLOS
1416;JOSE ERNESTO
1417;JUAN BOSCO
1418;STANISLAV
1419;DIMITAR
1420;ROBERTO ANTONIO
1421;ZIYAD
1422;EDWARD
1423;SERGIO DAVID
1424;FELIX ANTONIO
1425;KENNETH
1426;LAMIN
1427;ABDON
1428;JOAN RAMON
1429;DIEGO MIGUEL
1430;MOR
1431;OSCAR JESUS
1432;MIRCEA
1433;ZOUHAIR
1434;DANUT
1435;SILVIO
1436;ALDO
1437;DANIEL EDUARDO
1438;DEMBA
1439;OTHMAN
1440;MIGUEL MANUEL
1441;IGNACIO MANUEL
1442;RAMON MANUEL
1443;GALDER
1444;ISLAM
1445;LEOCADIO
1446;RAMSES
1447;FRANCISCO JULIAN
1448;HAROUN
1449;ABDELMALEK
1450;ANCOR
1451;JORGE IVAN
1452;ADEI
1453;FRANCISCO MARIA
1454;IRAITZ
1455;ABDERRAZZAK
1456;GABRIEL ANGEL
1457;ANDRES EDUARDO
1458;ATILANO
1459;CURRO
1460;LIHER
1461;MOHAMMED AMINE
1462;ANGEL FERNANDO
1463;GERONIMO
1464;JESUS RAFAEL
1465;GUIDO
1466;ODEI
1467;JAGOBA
1468;CARLOS RAFAEL
1469;BRANDON
1470;ISHAK
1471;JOAN MARC
1472;ALFONSO JESUS
1473;PEDRO JOAQUIN
1474;JOAO
1475;ADRIAN JOSE
1476;ABDALLAH
1477;LUIS SANTIAGO
1478;YURI
1479;ANTONIO GABRIEL
1480;JULIA
1481;OSCAR EDUARDO
1482;CARLOS IGNACIO
1483;ALBERTO ANTONIO
1484;NAJIM
1485;CARLOS VICENTE
1486;ABDELOUAHID
1487;DAYRON
1488;MARIANO JOSE
1489;NEFTALI
1490;ABDELOUAHED
1491;ANGEL CARLOS
1492;CASIANO
1493;DANIEL ENRIQUE
1494;JAD
1495;ZIAD
1496;AMARO
1497;JOSE FERMIN
1498;JENARO
1499;VITALIY
1500;DIEGO FRANCISCO
1501;PEDRO DANIEL
1502;JUAN JULIAN
1503;IGNACIO JESUS
1504;JOSE ALVARO
1505;ARMAND
1506;EUGEN
1507;FRANCIS
1508;VICENTE JUAN
1509;LIVIU
1510;WILFREDO
1511;RAMON LUIS
1512;SERGIO ANDRES
1513;GABRIEL ANTONIO
1514;DORIAN
1515;JOAN MIQUEL
1516;ANGEL ANDRES
1517;ANTONIO ALEJANDRO
1518;EL HABIB
1519;OTHMANE
1520;VICENTE FRANCISCO
1521;JOSEBA IÑAKI
1522;SANTIAGO JESUS
1523;GABRIELE
1524;OLIVIER
1525;QUINTIN
1526;CARLOS RAMON
1527;CARLOS ROBERTO
1528;DIEGO JAVIER
1529;EL MILOUD
1530;OSCAR ALBERTO
1531;OT
1532;ANTONIO ANDRES
1533;ANGEL VICENTE
1534;MARTIN JOSE
1535;LUIS EMILIO
1536;LUIS ERNESTO
1537;ADUR
1538;IORITZ
1539;JAVIER ANGEL
1540;ALEJANDRO DAVID
1541;JOAN FRANCESC
1542;JOSE AUGUSTO
1543;SALVADOR JOSE
1544;MANUEL REYES
1545;ANDRES DAVID
1546;FREDDY
1547;EL HASSANE
1548;MANUEL JOAQUIN
1549;PIETRO
1550;ALESSIO
1551;CARLOS AUGUSTO
1552;JALAL
1553;PEDRO ALEJANDRO
1554;YANIS
1555;JORGE JESUS
1556;JOSE CRISTOBAL
1557;SANTI
1558;LUIS GONZALO
1559;ZIGOR
1560;LOPE
1561;MOHAMED SAID
1562;GABRIEL JOSE
1563;MIGUEL ENRIQUE
1564;DOMINGO JESUS
1565;CRISTIAN ANDRES
1566;GIORGIO
1567;JOSE ISMAEL
1568;SERGIO JESUS
1569;TARIQ
1570;PEDRO ALFONSO
1571;ARTURO JOSE
1572;OSWALDO
1573;HOUSSAM
1574;PEDRO CARLOS
1575;VLADISLAV
1576;ALEJANDRO MIGUEL
1577;MANUEL EDUARDO
1578;FILIBERTO
1579;FROILAN
1580;JOSE ROMAN
1581;NAJIB
1582;JOSE ELIAS
1583;MARCOS JESUS
1584;JOSE ADOLFO
1585;JUAN RICARDO
1586;SERGIU
1587;ANGEL RAFAEL
1588;CONSTANCIO
1589;JOSE ABEL
1590;MANUEL JUAN
1591;MARKO
1592;SALMAN
1593;IVO
1594;LORIEN
1595;VALENTI
1596;WEI
1597;ORENCIO
1598;XABI
1599;ABDULLAH
1600;LUIS ROBERTO
1601;UGAITZ
1602;ELVIS
1603;LUIS RAFAEL
1604;JAVIER ENRIQUE
1605;JUSTINIANO
1606;PABLO FRANCISCO
1607;ASSANE
1608;MARIO ANTONIO
1609;SERGIY
1610;TEODOR
1611;FRANCISCO IGNACIO
1612;GRACIANO
1613;MARCOS MANUEL
1614;OINATZ
1615;PABLO ALBERTO
1616;PETRO
1617;ANDRES FRANCISCO
1618;JAVIER MANUEL
1619;VLADYSLAV
1620;EDUARDO LUIS
1621;ANTONIO PEDRO
1622;AIDAN
1623;BREOGAN
1624;JESUS EDUARDO
1625;CARLOS ANGEL
1626;JOAN MARIA
1627;LIER
1628;MARCELIANO
1629;SOHAIB
1630;BOUJEMAA
1631;JOSE ORIOL
1632;MOHAMAD
1633;HATIM
1634;ARNALDO
1635;CARLOS IVAN
1636;VICTOR LUIS
1637;ALBERTO LUIS
1638;DANIEL ANDRES
1639;DIEGO ALBERTO
1640;ADRIAN JESUS
1641;ENRICO
1642;OTMANE
1643;RICARDO JESUS
1644;VICTOR ANDRES
1645;EUGENI
1646;GIANCARLO
1647;IMRANE
1648;EMILIO JAVIER
1649;ABDELJALIL
1650;GALO
1651;MARIO JESUS
1652;ARTHUR
1653;FELIPE JOSE
1654;SMAIL
1655;OLEGUER
1656;JAIME MANUEL
1657;CARLOS HUMBERTO
1658;MAURIZIO
1659;SEVERO
1660;ANGEL CUSTODIO
1661;KHADIM
1662;LUIS MARIO
1663;NASSIM
1664;BENAISSA
1665;CIPRIAN
1666;CARLOS GABRIEL
1667;KEVIN ALEXANDER
1668;MATTHEW
1669;AZEDDINE
1670;OSVALDO
1671;CRISTIAN JOSE
1672;NUNO
1673;MISAEL
1674;NILO
1675;PEDRO RAFAEL
1676;PETRE
1677;HECTOR FABIO
1678;MALICK
1679;PIO
1680;GABRIEL JESUS
1681;USMAN
1682;DMITRY
1683;MANUEL SANTIAGO
1684;RAMON ANGEL
1685;CHERKAOUI
1686;DOMENEC
1687;ENRIQUE LUIS
1688;PABLO ALEJANDRO
1689;ANDRES MIGUEL
1690;PACO
1691;MOKHTAR
1692;ADELINO
1693;ARIAN
1694;ANUAR
1695;JOSE GERMAN
1696;RAUL ANTONIO
1697;FRANCISCO SALVADOR
1698;HEGOI
1699;DANIEL FRANCISCO
1700;KARAM
1701;ANTONIO TOMAS
1702;CARLOS MARIO
1703;LUIS PEDRO
1704;OSCAR DANIEL
1705;TANAUSU
1706;JOHN ALEXANDER
1707;RAFAEL ENRIQUE
1708;JOSE MATIAS
1709;RAFAEL ALBERTO
1710;RYAN
1711;ANGEL EDUARDO
1712;IVAN MANUEL
1713;XOAN
1714;JON ANDONI
1715;JUAN GREGORIO
1716;JULIO ENRIQUE
1717;LUIS ARMANDO
1718;JASON
1719;ROBERTO JAVIER
1720;MATTIA
1721;ERNESTO JOSE
1722;ANGEL ENRIQUE
1723;DIEGO LUIS
1724;MAJID
1725;MIGUEL RAMON
1726;GONZALO JOSE
1727;LUIS JORGE
1728;EUTIMIO
1729;NIKO
1730;FEDERICO JOSE
1731;MIGUEL ANDRES
1732;SALOMON
1733;SANTIAGO JAVIER
1734;MARCO VINICIO
1735;CRISTO MANUEL
1736;KYLIAN
1737;MANOLO
1738;JOSE GERARDO
1739;MAXIMIANO
1740;NEIL
1741;SUFIAN
1742;RESTITUTO
1743;CHARLES
1744;FRANCISCO PEDRO
1745;BOUCHAIB
1746;DANIEL ANGEL
1747;LAHBIB
1748;POLICARPO
1749;ALEKSANDAR
1750;GRIGORE
1751;PABLO ENRIQUE
1752;KEVIN ANDRES
1753;PABLO CESAR
1754;SEKOU
1755;SERGIO LUIS
1756;GOTZON
1757;GUIU
1758;HAO
1759;JARED
1760;LUIS GONZAGA
1761;RIGOBERTO
1762;ALEN
1763;BOHDAN
1764;CRISTIAN JESUS
1765;JORGE IGNACIO
1766;TOMAS JOSE
1767;MASSIMILIANO
1768;CRISANTO
1769;IRAI
1770;IU
1771;MARCOS JAVIER
1772;PEDRO FERNANDO
1773;YAYA
1774;ABIAN
1775;EUFRASIO
1776;JHON ALEXANDER
1777;JOSE ALEXANDER
1778;JUAN NICOLAS
1779;MIROSLAV
1780;SERGIO DANIEL
1781;ALVARO ANTONIO
1782;JOAQUIN JESUS
1783;EL MAHDI
1784;GUILLERMO ANTONIO
1785;RAFAEL ALEJANDRO
1786;NICOMEDES
1787;VICTOR ALEJANDRO
1788;JOSE LEONARDO
1789;JULIAN DAVID
1790;TONY
1791;DOMENICO
1792;ALVARO JAVIER
1793;MANUEL RAFAEL
1794;OLMO
1795;ROBERTO JESUS
1796;TXOMIN
1797;MIGUEL CARLOS
1798;GENEROSO
1799;JAVIER ANDRES
1800;SHAHID
1801;STEPAN
1802;KHALIFA
1803;LUIS RICARDO
1804;RABAH
1805;ABDELKHALEK
1806;ROBERTO MANUEL
1807;ROBIN
1808;ROY
1809;TOMEU
1810;DANIIL
1811;RAFA
1812;ANDRES MAURICIO
1813;EL MOKHTAR
1814;RAFAEL JUAN
1815;ABDENBI
1816;RAMON FRANCISCO
1817;OVIDIU
1818;DOMINGO JAVIER
1819;LUIS GERARDO
1820;MOULOUD
1821;MANUEL SALVADOR
1822;OSCAR ANDRES
1823;TOBIAS
1824;CARLOS JULIO
1825;FRANCISCO EDUARDO
1826;JULIO ANGEL
1827;RAFAEL MIGUEL
1828;SEGISMUNDO
1829;YON
1830;EMILIO ANTONIO
1831;CARLOS JUAN
1832;ENRIQUE FRANCISCO
1833;JOSE CRUZ
1834;ARIDANE
1835;SERGIO ALEJANDRO
1836;BRU
1837;DANIEL ALEXANDER
1838;MAKSIM
1839;RUBEN JESUS
1840;CESAR LUIS
1841;JEFFERSON
1842;JOSE SEBASTIAN
1843;JOSEP MIQUEL
1844;MANUEL PEDRO
1845;RUBEN JOSE
1846;SERHII
1847;YONATHAN
1848;DANIEL FERNANDO
1849;LAURENTIU
1850;TEODOMIRO
1851;WASIM
1852;ANTONIO DOMINGO
1853;BERNARDO JOSE
1854;DENYS
1855;ANDRES ANTONIO
1856;MIGUEL ALBERTO
1857;RICARDO ANDRES
1858;APOLINAR
1859;RADU
1860;JOAN MANEL
1861;JESUS ALFONSO
1862;ANTONIO IGNACIO
1863;ELIEZER
1864;HERNANDO
1865;JIE
1866;JOSE ISRAEL
1867;LUIS PABLO
1868;MANUEL EMILIO
1869;PAVLO
1870;NICOLAU
1871;TARAS
1872;ABDELFATTAH
1873;DOMINGO MANUEL
1874;JULIO MIGUEL
1875;CAMILO ANDRES
1876;ELIGIO
1877;DJIBRIL
1878;HABIB
1879;JORGE RAMON
1880;PEDRO TOMAS
1881;ADOLFO JOSE
1882;PABLO NICOLAS
1883;JOAQUIN FRANCISCO
1884;JOSE BLAS
1885;PETRICA
1886;JULI
1887;JULIAN JOSE
1888;MIGUEL EDUARDO
1889;MIGUEL JUAN
1890;ALFONSO LUIS
1891;AMJAD
1892;BABA
1893;JUAN JORGE
1894;PABLO DAVID
1895;TAYEB
1896;CRISTOBAL JESUS
1897;JAIME ALBERTO
1898;JOSE VALENTIN
1899;SERGEI
1900;KERMAN
1901;ANTONIO SALVADOR
1902;SULAYMAN
1903;EDUARDO FRANCISCO
1904;JUAN ROBERTO
1905;SIRAJ
1906;SANTIAGO ANDRES
1907;SERGIO JAVIER
1908;WAEL
1909;EDORTA
1910;PETAR
1911;XUBAN
1912;DOREL
1913;MOHCINE
1914;SALIOU
1915;ZOILO
1916;MANSOUR
1917;MARTIÑO
1918;ALEJANDRO DANIEL
1919;JAIME LUIS
1920;MANUEL AGUSTIN
1921;LUIS ARTURO
1922;NICUSOR
1923;CLAUDIU
1924;EL HOUSSINE
1925;JAVIER LUIS
1926;JUN
1927;RAUL JOSE
1928;RAYMOND
1929;VICTOR DAVID
1930;EL HOUCINE
1931;VADIM
1932;YOUCEF
1933;ARAM
1934;FILIPPO
1935;KRASIMIR
1936;BOUAZZA
1937;EDUARDO ENRIQUE
1938;LIBERTO
1939;JOSE GONZALO
1940;JESUS GABRIEL
1941;ADNANE
1942;ALEXEI
1943;KONSTANTIN
1944;MELQUIADES
1945;DIEGO ALEXANDER
1946;FRANCISCO AGUSTIN
1947;CRISTIAN MANUEL
1948;JOSE ALEXIS
1949;JESUS JUAN
1950;EDUARDO MIGUEL
1951;ENRIQUE MIGUEL
1952;FELIX JAVIER
1953;SIRO
1954;ANDRES ALEJANDRO
1955;DILAN
1956;FRANCISCO XAVIER
1957;ALFONSO MARIA
1958;PHILIP
1959;FRANCESC JOSEP
1960;SILVANO
1961;JORGE ELIECER
1962;VITALII
1963;JAIME ANDRES
1964;TAHAR
1965;ASER
1966;ISABELO
1967;NICHOLAS
1968;OTTO
1969;VICTOR FRANCISCO
1970;ANTONIO EDUARDO
1971;YORDAN
1972;ARISTIDES
1973;EUGENIO JOSE
1974;JOHAN
1975;PEDRO JULIAN
1976;ULPIANO
1977;ABDELOUAHAB
1978;ADALBERTO
1979;FRANCISCO RAUL
1980;GARY
1981;LUCINIO
1982;XURXO
1983;IOSIF
1984;JULIAN ANTONIO
1985;LEONARD
1986;JESUS PEDRO
1987;NEO
1988;SOULAIMAN
1989;JUAN VICTOR
1990;JUNIOR
1991;LAKHDAR
1992;SAFWAN
1993;AMADEU
1994;FERNANDO DAVID
1995;GIACOMO
1996;IDRISSA
1997;KADDOUR
1998;KRISTIAN
1999;OWEN
2000;TEODOSIO
2001;ANTONIO ALFONSO
2002;JULIO JAVIER
2003;LUIS HUMBERTO
2004;SAMUEL DAVID
2005;BOUSSELHAM
2006;CRISTIAN DANIEL
2007;DANIEL FELIPE
2008;DAVID ALEXANDER
2009;FRANKLIN
2010;JUAN BERNARDO
2011;NIKOLAS
2012;EMANUELE
2013;FELIP
2014;JULIO JESUS
2015;MARLON
2016;PABLO IGNACIO
2017;PAULO JORGE
2018;ROLAND
2019;HONORATO
2020;NIKOLA
2021;JESUS JOAQUIN
2022;OSSAMA
2023;SERGIO MIGUEL
2024;SLIMANE
2025;DAVID FERNANDO
2026;SOTERO
2027;ANTONIO AGUSTIN
2028;DANNY
2029;JON IÑAKI
2030;RAFAEL VICENTE
2031;SAM
2032;ELISARDO
2033;FRANCISCO ALFONSO
2034;AGUSTIN MANUEL
2035;ANDRES JAVIER
2036;AZZEDDINE
2037;HAITAM
2038;CARLOS FELIPE
2039;TOMAS JESUS
2040;ANDRES AVELINO
2041;FELIX JESUS
2042;RAFAEL DAVID
2043;YI
2044;JOAQUIN MIGUEL
2045;JULIO FRANCISCO
2046;VALERO
2047;MARCO AURELIO
2048;MIGUEL IGNACIO
2049;SANCHO
2050;ARTEMIO
2051;GASTON
2052;PLAMEN
2053;ROBINSON
2054;SOFIAN
2055;DIEGO MARTIN
2056;OLIVERIO
2057;OSCAR MIGUEL
2058;SENDOA
2059;VASIL
2060;JAVIER EDUARDO
2061;MOUHCINE
2062;UNAY
2063;XABAT
2064;GUILHERME
2065;LEONARDO JOSE
2066;DEOGRACIAS
2067;JONATHAN DAVID
2068;HRISTO
2069;RAFIK
2070;ABDELMALIK
2071;JOSE SANTOS
2072;MOHSIN
2073;RAUL ALBERTO
2074;SOFIANE
2075;AGER
2076;NEYZAN
2077;YOUSSOUF
2078;NECULAI
2079;ALVARO LUIS
2080;MYKHAILO
2081;ALY
2082;ANGEL IGNACIO
2083;CRISTO
2084;EUTIQUIO
2085;ALEJANDRO LUIS
2086;DAVID FRANCISCO
2087;IYAN
2088;VINCENT
2089;ABID
2090;ALBERTO MIGUEL
2091;MIGUEL VICENTE
2092;VALERIY
2093;CRISTOBAL JOSE
2094;HAROLD
2095;IGNACIO ANTONIO
2096;JORGE FERNANDO
2097;RUBEN ANTONIO
2098;ZOUHIR
2099;CHRISTIAN DAVID
2100;LASSANA
2101;VICTOR ANGEL
2102;DAVID MIGUEL
2103;DELMIRO
2104;FERNANDO DANIEL
2105;MIGUEL JAVIER
2106;PIERRE
2107;XOSE
2108;JOHAN SEBASTIAN
2109;TIBURCIO
2110;CESAR JOSE
2111;JON MIKEL
2112;JUAN ALONSO
2113;JUAN CARMELO
2114;JUAN RAUL
2115;RAFAEL EDUARDO
2116;KOLDOBIKA
2117;SEYDOU
2118;MARKUS
2119;PATROCINIO
2120;REYNALDO
2121;TOUFIK
2122;ZAYD
2123;JACINT
2124;LEVI
2125;YACINE
2126;ARTAI
2127;EIZAN
2128;JOSE RAMIRO
2129;NATAN
2130;FERNANDO FRANCISCO
2131;IDRISS
2132;JACK
2133;JOSEP MANEL
2134;NAOUFAL
2135;RIAD
2136;RIYAD
2137;YAHIA
2138;JORGE ARMANDO
2139;SALAHEDDINE
2140;SEBASTIAN ALEJANDRO
2141;CARLOS GUILLERMO
2142;GHULAM
2143;GUILLERMO MANUEL
2144;HERMES
2145;APOLONIO
2146;JAVIER ALBERTO
2147;HAMED
2148;PABLO MARIA
2149;RICARDO LUIS
2150;COSMIN
2151;MANUEL DOMINGO
2152;NORDIN
2153;EKI
2154;VADYM
2155;ARMANDO JOSE
2156;KIMETZ
2157;ANTONIO JORGE
2158;MARIO ALEJANDRO
2159;MARIO LUIS
2160;UMAR
2161;GIANFRANCO
2162;JUAN ALFREDO
2163;MOAD
2164;OCTAVI
2165;VALERIU
2166;EUSTASIO
2167;PABLO ANGEL
2168;ALIN
2169;MANUEL FELIPE
2170;MIRKO
2171;BELKACEM
2172;DORIN
2173;FELIPE ANTONIO
2174;JOAQUIN VICENTE
2175;CARMELO JESUS
2176;IVAYLO
2177;JOAQUIN ANGEL
2178;ANDRES FERNANDO
2179;JAIME JESUS
2180;PEDRO AGUSTIN
2181;FERNANDO ENRIQUE
2182;FRANCISCO PABLO
2183;JULIAN MANUEL
2184;NASIR
2185;AGUSTIN JOSE
2186;JOAO PEDRO
2187;JUAN BENITO
2188;LEONID
2189;AIRAN
2190;ANARTZ
2191;ANATOLIY
2192;ANTONIO PABLO
2193;CESAR DAVID
2194;PHILIPPE
2195;CARLOS EMILIO
2196;DAME
2197;ESTEBAN JOSE
2198;FAHD
2199;SAMUEL ALEJANDRO
2200;ALASSANE
2201;BASSIROU
2202;CARLOS RAUL
2203;ELIECER
2204;MANU
2205;PATXI XABIER
2206;ANGEL TOMAS
2207;GERSON
2208;SAJID
2209;SEBASTIAN ANDRES
2210;DANIEL DAVID
2211;JOSE AMADOR
2212;ESAU
2213;MILO
2214;VICTOR RAMON
2215;CARLOS ADRIAN
2216;JEAN
2217;JOSE RODRIGO
2218;LEOVIGILDO
2219;JUAN EUGENIO
2220;JESUS PABLO
2221;PAULO CESAR
2222;FERNANDO GABRIEL
2223;NORMAN
2224;XIMO
2225;ALEJANDRO FRANCISCO
2226;CESAR JAVIER
2227;GERARDO JOSE
2228;KAMEL
2229;PETER JOHN
2230;TRINITARIO
2231;AZAEL
2232;KENAI
2233;JESUS MARIANO
2234;MANUEL TOMAS
2235;JOSE GINES
2236;AIDEN
2237;MAXIMILIAN
2238;PIERO
2239;ABDESSELAM
2240;JUAN ISIDRO
2241;CRISTIAN JAVIER
2242;FILIP
2243;SALVADOR JESUS
2244;TITO
2245;ANGEL PEDRO
2246;ANGEL SANTIAGO
2247;CARLOS ERNESTO
2248;DAVID ANDRES
2249;FERNANDO ANDRES
2250;GUILLERMO JESUS
2251;INHAR
2252;MATHEUS
2253;MOHAMED RIDA
2254;ANTONIO JULIAN
2255;FERNANDO CARLOS
2256;FLORENTIN
2257;FRANCISCO SANTIAGO
2258;EDISON
2259;FRUTOS
2260;GHEORGHITA
2261;WAQAS
2262;ANDRES MARIA
2263;HERMOGENES
2264;JERONI
2265;NASSER
2266;OUSMAN
2267;PERE JOAN
2268;TOMAS ANTONIO
2269;BOUZEKRI
2270;GUIFRE
2271;JHONNY
2272;JOSE ISIDRO
2273;SEBASTIAN JOSE
2274;JESUS EMILIO
2275;JESUS SANTIAGO
2276;HECTOR JAVIER
2277;SERAPIO
2278;ALEKSEI
2279;CESAR ALBERTO
2280;JUAN MARIANO
2281;SOUHAIL
2282;TOMAS MANUEL
2283;ALBANO
2284;AXIER
2285;DAVID GABRIEL
2286;EKAI
2287;OUSSEYNOU
2288;TOM
2289;YUNES
2290;BADREDDINE
2291;JUAN LUCAS
2292;SIDI
2293;FALLOU
2294;YANNICK
2295;EDUARDO ANDRES
2296;NICU
2297;CARLOS HUGO
2298;ISIDRO JOSE
2299;JOSE AVELINO
2300;RICARDO ALBERTO
2301;BIBIANO
2302;JAVIER CARLOS
2303;JOSE ORLANDO
2304;ALADINO
2305;CHRISTOPHER JOHN
2306;EMILIO FRANCISCO
2307;JOANES
2308;JORGE MARIO
2309;ALFONSO MIGUEL
2310;ANDRES LUIS
2311;BRIGIDO
2312;ANGEL JUAN
2313;DAILOS
2314;GURPREET
2315;ALFREDO MANUEL
2316;KIRILL
2317;BERNARD
2318;JAIME FRANCISCO
2319;JORGE RAFAEL
2320;LAUTARO
2321;GONZALO JAVIER
2322;ILLAN
2323;JOSE ELOY
2324;LUIS ADRIAN
2325;ADONAI
2326;DOMICIANO
2327;JHON FREDY
2328;LUIS ESTEBAN
2329;SAMUEL JESUS
2330;YASER
2331;FENG
2332;RAMI
2333;ANDRES ALBERTO
2334;BAUDILIO
2335;GREGORIO JOSE
2336;ELLIOT
2337;HUGO JOSE
2338;LIAN
2339;MAHDI
2340;MANUEL RICARDO
2341;CARMELO JOSE
2342;DAVID ALBERTO
2343;FERNANDO ALBERTO
2344;KEITH
2345;LEKBIR
2346;MARIO ANDRES
2347;VICTOR GABRIEL
2348;FRANCISCO DOMINGO
2349;ISHAQ
2350;CALEB
2351;DAREK
2352;FREDY
2353;MODIBO
2354;ADRIAN MANUEL
2355;BENET
2356;CRISTIANO
2357;JOHNNY
2358;JOHN FREDY
2359;JOSE MAURICIO
2360;LUIS GUSTAVO
2361;PAPA
2362;SANTIAGO MIGUEL
2363;SAULO
2364;BASTIAN
2365;CARLOS JOAQUIN
2366;ILIA
2367;ISMAILA
2368;ALEXANDR
2369;CARLOS SANTIAGO
2370;TUDOR
2371;JIAHAO
2372;DAVID ANDREI
2373;DJAMEL
2374;LUIS ALEXANDER
2375;OSCAR FERNANDO
2376;SANTIAGO ANTONIO
2377;EUFEMIO
2378;ILIASS
2379;BRYAN ALEXANDER
2380;ENRIQUE CARLOS
2381;JIMMY
2382;AGONEY
2383;JORGE VICENTE
2384;MIGUEL FERNANDO
2385;EVGENY
2386;FRANCISCO SOLANO
2387;GUSTAVO ALBERTO
2388;IVAN ANTONIO
2389;LUIS MARTIN
2390;SANTIAGO DAVID
2391;MIGUEL DAVID
2392;RADOUAN
2393;RODRIGO JOSE
2394;DOUGLAS
2395;FABIAN ANDRES
2396;GUSTAVO JAVIER
2397;ONESIMO
2398;STEPHEN JOHN
2399;TRAIAN
2400;DAVIT
2401;DOMINIC
2402;JUAN MATIAS
2403;MELITON
2404;ANTONIO SANTIAGO
2405;ECHEDEY
2406;JOSE FIDEL
2407;MAMADOU LAMINE
2408;FABRICIO
2409;FELIPE MANUEL
2410;LORENZO JOSE
2411;MARCOS DAVID
2412;MOHAMED SALEM
2413;OBDULIO
2414;SHAHZAD
2415;TADEO
2416;CHARAF
2417;LAID
2418;LUIS JOAQUIN
2419;OTGER
2420;RIDOUAN
2421;BELISARIO
2422;GERARDO ANTONIO
2423;NORBERT
2424;PABLO SEBASTIAN
2425;ROBERTO LUIS
2426;VICTOR RAUL
2427;WAIL
2428;ABDELHALIM
2429;ASTERIO
2430;DMITRII
2431;JOSEP FRANCESC
2432;ALEJANDRO GABRIEL
2433;JOAO PAULO
2434;MAKAN
2435;YURY
2436;ABOUBACAR
2437;ALBERTO FRANCISCO
2438;JESUS TOMAS
2439;JULIO ANDRES
2440;RAHAL
2441;SALEM
2442;DARIUS
2443;FELIPE JESUS
2444;JEFFREY
2445;EDDY
2446;EL MAHJOUB
2447;FELIX MARIA
2448;OSCAR ENRIQUE
2449;PEDRO GABRIEL
2450;ALIOUNE
2451;MANUEL PABLO
2452;WOLFGANG
2453;CRISTIAN ALEJANDRO
2454;HECTOR DANIEL
2455;JOAN LLUIS
2456;JON JOSEBA
2457;LEONIDES
2458;LUIS JUAN
2459;RAFAEL ANDRES
2460;SULAIMAN
2461;TODOR
2462;JORGE ANGEL
2463;MARTIN ALEJANDRO
2464;NELU
2465;CESAR ALEJANDRO
2466;DAVID ENRIQUE
2467;GONZALO MANUEL
2468;HECTOR LUIS
2469;LUIS TOMAS
2470;RAPHAEL
2471;YONG
2472;DARIEL
2473;DIEGO ENRIQUE
2474;JULIO LUIS
2475;LUIS ALONSO
2476;PELLO
2477;ANGEL PABLO
2478;AYOSE
2479;CESAR ENRIQUE
2480;CHERKI
2481;GUERAU
2482;JILALI
2483;LUIS DOMINGO
2484;MAREK
2485;MARIO JAVIER
2486;EDILBERTO
2487;JOSE MATEO
2488;KIRIAN
2489;MUHAMADOU
2490;NUÑO
2491;ALVARO FRANCISCO
2492;ANTXON
2493;ASIF
2494;AYMEN
2495;DIDIER
2496;MARCOS DANIEL
2497;NICOLAS ALEJANDRO
2498;ALLAN
2499;ANACLETO
2500;ANTOINE
2501;GABRIEL EDUARDO
2502;HENRIQUE
2503;JAIR
2504;JULIAN ALBERTO
2505;MOHAMED LARBI
2506;RUI
2507;EL ARBI
2508;JONATHAN ALEXANDER
2509;VALERI
2510;ZENON
2511;CRISTINEL
2512;JUAN ELIAS
2513;NADEEM
2514;RUBEN DAVID
2515;SOHAIL
2516;JESUS DOMINGO
2517;KEVIN JOSE
2518;ORESTES
2519;RAMDANE
2520;SALVADOR ANTONIO
2521;TOMAS FRANCISCO
2522;MANUEL ESTEBAN
2523;MONIR
2524;ALEXANDRU GABRIEL
2525;CAYO
2526;JUAN MARIO
2527;KEVIN DAVID
2528;M'HAMED
2529;NIKOLAI
2530;RAFFAELE
2531;SEBASTIAN JESUS
2532;UXIO
2533;ADRIAN ALEJANDRO
2534;ENOC
2535;FELIX ALBERTO
2536;GUILLERMO JAVIER
2537;JAVIER FERNANDO
2538;LAHOUCINE
2539;SABER
2540;SANTIAGO ALEJANDRO
2541;TRINIDAD
2542;ANIS
2543;HUGO ALBERTO
2544;NUNO MIGUEL
2545;VICENTE SALVADOR
2546;GAUDENCIO
2547;LUIS CESAR
2548;NAZAR
2549;VICTOR EDUARDO
2550;ALIPIO
2551;FRANÇOIS
2552;IGNACIO LUIS
2553;NADAL
2554;OSCAR FRANCISCO
2555;YURII
2556;CHRISTIAN JOSE
2557;ENRIQUE JUAN
2558;GARI
2559;NICOLAS JOSE
2560;TOMMASO
2561;ABDELGHAFOUR
2562;ALFONSO ANTONIO
2563;BENITO JOSE
2564;DIEGO DAVID
2565;GUSTAVO JOSE
2566;IRFAN
2567;JOSE BENJAMIN
2568;PEDRO EMILIO
2569;RAFAEL IGNACIO
2570;ALAI
2571;DOSITEO
2572;JOSE ALONSO
2573;RAUL JESUS
2574;RAUL MANUEL
2575;SANDALIO
2576;COSTICA
2577;FRANCISCO EMILIO
2578;LAUDELINO
2579;LUIS OSCAR
2580;SINFORIANO
2581;FERNANDO JUAN
2582;FRANCISCO MARTIN
2583;IVAN DARIO
2584;ABDELMOULA
2585;CRISPIN
2586;ISABELINO
2587;KEVIN JESUS
2588;STELIAN
2589;AMOS
2590;ILYA
2591;JOSE CESAR
2592;JOSE HUMBERTO
2593;KEVIN DANIEL
2594;TON
2595;INAR
2596;ZEESHAN
2597;CARLOS MAURICIO
2598;HASAN
2599;JOSE ELADIO
2600;RICARDO DANIEL
2601;ROBUSTIANO
2602;ABDESSALAM
2603;COLIN
2604;ELIOT
2605;FRANCISCO IVAN
2606;HAYTAM
2607;JOSUE DAVID
2608;JUAN MATEO
2609;LUCAS GABRIEL
2610;JOHN MICHAEL
2611;JUSTIN
2612;RABIE
2613;RAMON ALBERTO
2614;YACOUBA
2615;ASAD
2616;HANS
2617;ROMULO
2618;ARMAN
2619;ENRIQUE VICENTE
2620;JIAN
2621;OSCAR ALEJANDRO
2622;ABUNDIO
2623;FRANCISCO RUBEN
2624;JESUS MARTIN
2625;JOAN BAPTISTA
2626;MARCUS
2627;MIGUEL ALFONSO
2628;PABLO MARTIN
2629;SAMUEL JOSE
2630;SELLAM
2631;ALEJANDRO ENRIQUE
2632;DAVID EDUARDO
2633;DAVID SANTIAGO
2634;DIEGO SEBASTIAN
2635;HAMMADI
2636;ALEXANDRU IONUT
2637;NAVEED
2638;STEPHANE
2639;FELIX MIGUEL
2640;MARIO MANUEL
2641;RICARDO FRANCISCO
2642;SIMION
2643;CARLOS TOMAS
2644;CESAR ANDRES
2645;DAVID DANIEL
2646;FERNANDO RAFAEL
2647;HELIOS
2648;JAVIER ALEXANDER
2649;KIRIL
2650;MANUEL ALFREDO
2651;YU
2652;ANTONIO EMILIO
2653;DAVID JAVIER
2654;JESUS FELIX
2655;JUAN ERNESTO
2656;RAFAEL JAVIER
2657;EDUARDO ALBERTO
2658;RIO
2659;AQUILES
2660;FAISSAL
2661;FAROUK
2662;SABIN
2663;VICTOR ENRIQUE
2664;CESAR EDUARDO
2665;JOSE GUSTAVO
2666;JOSE VIDAL
2667;SALEH
2668;SERIGNE
2669;VICENTE ENRIQUE
2670;HECTOR JESUS
2671;LARO
2672;RAMON MIGUEL
2673;FABRICIANO
2674;IGNACIO FRANCISCO
2675;IVAN ALEJANDRO
2676;JOSEP VICENT
2677;SALVADOR MANUEL
2678;FARES
2679;PASQUALE
2680;MALIK
2681;GUSTAVO DANIEL
2682;JOAQUIN RAMON
2683;JOSEP MANUEL
2684;MICHAL
2685;TAHIR
2686;ANTONIO RAUL
2687;AYYOUB
2688;DAVID NICOLAS
2689;JAIME ENRIQUE
2690;VICENTE RAFAEL
2691;ZAHID
2692;GUSTAVO ENRIQUE
2693;KEVIN ALEJANDRO
2694;SADIO
2695;SATURIO
2696;WILMER
2697;LAMBERTO
2698;LONGINOS
2699;LUIS ADOLFO
2700;RIZWAN
2701;AIERT
2702;CARLOS MARTIN
2703;DARWIN
2704;JESUS ALFREDO
2705;JUAN VALENTIN
2706;MIMOUNE
2707;ODILO
2708;PEDRO SANTIAGO
2709;FERNANDO RAMON
2710;GILBERT
2711;JOSE LEANDRO
2712;JAVI
2713;JOAN ALBERT
2714;JONATHAN JOSE
2715;PASCAL
2716;SERGHEI
2717;VICENS
2718;DAVID ANGEL
2719;JOAQUIN LUIS
2720;JUAN CLAUDIO
2721;RUBEN MANUEL
2722;ANGEL SALVADOR
2723;MILTON
2724;OLEKSIY
2725;ROMA
2726;ZUHAITZ
2727;FERNANDO ANGEL
2728;GREGORI
2729;JULIO FERNANDO
2730;MOHAND
2731;PABLO FERNANDO
2732;RICARDO MIGUEL
2733;SADIK
2734;THIERNO
2735;HELIO
2736;RAUL ALEJANDRO
2737;EUGENIO MANUEL
2738;FODE
2739;GIULIO
2740;HOSSAIN
2741;MARCELLO
2742;MATIAS NICOLAS
2743;MIHAITA
2744;AMERICO
2745;ARMEN
2746;DANIEL ESTEBAN
2747;GONTZAL
2748;ILUMINADO
2749;JULIAN ANGEL
2750;ANDREW JOHN
2751;ANTONIO FELIX
2752;IVAN DAVID
2753;JOAO CARLOS
2754;LUCAS DANIEL
2755;MOHAMED YASSIN
2756;SANTIAGO LUIS
2757;VIRGINIO
2758;ANTONIO RICARDO
2759;BOUCHTA
2760;DAOUD
2761;GUSTAVO ANDRES
2762;HUGO MANUEL
2763;JURGEN
2764;MATTIN
2765;PEDRO DOMINGO
2766;SIDY
2767;ADRIAN ANTONIO
2768;ALVARO MIGUEL
2769;CLAUDI
2770;EDUARDO DAVID
2771;GUILLERMO ALEJANDRO
2772;JESUS DAMIAN
2773;JONATHAN JESUS
2774;OCTAVIAN
2775;PABLO JUAN
2776;SACHA
2777;ALEJANDRO RAFAEL
2778;BALLA
2779;OTILIO
2780;VICENTE CARLOS
2781;CARLOS JORGE
2782;DANIEL LUIS
2783;ELHADJI
2784;HECTOR ANTONIO
2785;JORGE RAUL
2786;JOSE SAMUEL
2787;LISANDRO
2788;MATIAS EZEQUIEL
2789;ANTONIO NICOLAS
2790;CONSTANTE
2791;JEROME
2792;MARIO FERNANDO
2793;BRUC
2794;JOHANNES
2795;JOSE OMAR
2796;MANUEL EUGENIO
2797;ROMEN
2798;RUFO
2799;SERGIO FRANCISCO
2800;VITO
2801;DANIEL MANUEL
2802;JORGE GABRIEL
2803;JOSE FELICIANO
2804;JUAN PASCUAL
2805;MUNIR
2806;SERGIO ENRIQUE
2807;ADONIS
2808;ANTONIO FELIPE
2809;GUILLEN
2810;HECTOR DAVID
2811;JOSE DARIO
2812;KRZYSZTOF
2813;LUIS GERMAN
2814;RAFAEL FERNANDO
2815;SALIF
2816;ARSLAN
2817;CARLOS RUBEN
2818;MARIO ENRIQUE
2819;CHRISTOPHE
2820;GUSTAVO ANTONIO
2821;IONUT ALEXANDRU
2822;JULIO ALEJANDRO
2823;MANUEL JORGE
2824;PIOTR
2825;RONALDO
2826;DELIO
2827;GONZALO JESUS
2828;JULIAN FRANCISCO
2829;LHOUSSAINE
2830;LOUIS
2831;NOUREDDIN
2832;SILVIU
2833;FRANCISCO NICOLAS
2834;IDELFONSO
2835;JESUS ESTEBAN
2836;ALFREDO JESUS
2837;CARLOS ARMANDO
2838;ELPIDIO
2839;JOAQUIN ALBERTO
2840;JUAN SIMON
2841;MOHAMMED AMIN
2842;SID AHMED
2843;ABDELAAZIZ
2844;ABDENNOUR
2845;CRISTIAN GABRIEL
2846;DIEGO MAURICIO
2847;FRANCISCO ESTEBAN
2848;GRAHAM
2849;JOHN WILLIAM
2850;RAMON VICENTE
2851;RUMEN
2852;VIRGIL
2853;ABOU
2854;AYAD
2855;BARRY
2856;CRISTHIAN DAVID
2857;JOSE CANDIDO
2858;LIBORIO
2859;MARIANO JESUS
2860;ODIN
2861;ERWIN
2862;LEONIDAS
2863;TIMUR
2864;ABDELILLAH
2865;ANGEL DOMINGO
2866;ARCADI
2867;FRANCISCO DAMIAN
2868;JAVIER MIGUEL
2869;JAVIER VICENTE
2870;JOAN SEBASTIAN
2871;KLAUS
2872;XIN
2873;HIMAR
2874;HUSSAIN
2875;KENAY
2876;MANUEL LORENZO
2877;VIACHESLAV
2878;ALEJANDRO NICOLAS
2879;CHRISTIAN ANDRES
2880;JULIEN
2881;BRAIAN
2882;JUAN FERMIN
2883;KAIET
2884;MICHAEL JAMES
2885;PASTOR
2886;SHAHBAZ
2887;ACOIDAN
2888;JAIME MIGUEL
2889;JAVIER ALFONSO
2890;JUAN GONZALO
2891;MATTHIAS
2892;PEDRO JULIO
2893;ZEBENZUI
2894;JAIME JAVIER
2895;JORGE HUMBERTO
2896;MADY
2897;MAYKEL
2898;RANDY
2899;ABDOULIE
2900;ANTONIO MARTIN
2901;IRIOME
2902;JORGE ARTURO
2903;LEI
2904;ABDELHAY
2905;ELIES
2906;JOHN EDWARD
2907;JUAN ARTURO
2908;RICARDO ENRIQUE
2909;CARLOS ESTEBAN
2910;FRANCISCO JORGE
2911;GUILLERMO LUIS
2912;LUIS MARCELO
2913;MARCELO ALEJANDRO
2914;NDIAGA
2915;UBAY
2916;HOSSAM
2917;JESUS CARMELO
2918;JOSE LUCAS
2919;NAHUM
2920;PEDRO JORGE
2921;ANTONIO MARCOS
2922;DIEGO ANGEL
2923;EGOI
2924;JAVIER DAVID
2925;JUAN ADOLFO
2926;MIKEL AINGERU
2927;RAMON JAVIER
2928;YEREMI
2929;ABBAS
2930;JULIO RAMON
2931;LUIS ANIBAL
2932;OSCAR IVAN
2933;WALDO
2934;ANIANO
2935;BIN
2936;CAMILO JOSE
2937;LORENZO JAVIER
2938;LUIS EUGENIO
2939;HERACLIO
2940;JUSTO MANUEL
2941;CARLOS CESAR
2942;CESAR JESUS
2943;JESUS JULIAN
2944;JUAN MARCELO
2945;JUNJIE
2946;MIKEL GOTZON
2947;PABLO EMILIO
2948;PETR
2949;RENZO
2950;ROSARIO
2951;CRISTO JESUS
2952;GONZALO ANTONIO
2953;JHOAN SEBASTIAN
2954;JOSE ANIBAL
2955;MARK ANTHONY
2956;SOULAIMANE
2957;GORA
2958;JESUS ADRIAN
2959;MANFRED
2960;MOHAMADOU
2961;ROBERTO MIGUEL
2962;ACORAN
2963;EDOARDO
2964;IGNACIO MIGUEL
2965;ISIDRO MANUEL
2966;JESUS GREGORIO
2967;JOAQUIN JAVIER
2968;JORDI JOAN
2969;QIANG
2970;ALESANDER
2971;ATANAS
2972;CEDRIC
2973;NICOLAS ANTONIO
2974;TAO
2975;BORISLAV
2976;CHAIB
2977;EGOR
2978;JESUS IVAN
2979;VICENTE ANGEL
2980;VITALIE
2981;CONRAD
2982;DIEGO ALONSO
2983;JOAO MANUEL
2984;JOSE CLAUDIO
2985;LEONARDO DAVID
2986;MARVIN
2987;ABDELATIF
2988;ALFREDO ANTONIO
2989;HAITZ
2990;HAMADI
2991;MOUHAMADOU
2992;ROBERTO DANIEL
2993;DIRK
2994;DOMINIK
2995;EMILIO LUIS
2996;FRANCISCO LORENZO
2997;LORENZO MANUEL
2998;MARTIN JESUS
2999;OLEKSII
3000;ALEJANDRO ALBERTO
3001;CRISTIAN ALEXANDER
3002;FRANCISCO ADRIAN
3003;JUAN ALVARO
3004;LUIS SALVADOR
3005;MAMOUDOU
3006;MICAEL
3007;PEDRO MARTIN
3008;SERGII
3009;VICTOR FERNANDO
3010;DIEGO HERNAN
3011;DYLAN ALEXANDER
3012;GABRIEL ENRIQUE
3013;ISAI
3014;JACQUES
3015;JAYDEN
3016;JUAN ADRIAN
3017;LUIS RODRIGO
3018;TIM
3019;ENRIQUE ALBERTO
3020;ESCOLASTICO
3021;FERNANDO VICENTE
3022;IURII
3023;ABDESELAM
3024;ALEXANDER JOSE
3025;BJORN
3026;EMILIO ANGEL
3027;HAROUNA
3028;MARIO DAVID
3029;TIZIANO
3030;ABDESSLAM
3031;ANTTON
3032;GIANNI
3033;HAMMOU
3034;JOHN DAVID
3035;LUKE
3036;MAURICI
3037;SASHA
3038;SEAN
3039;VICTOR ALBERTO
3040;VINICIUS
3041;ANGEL JOAQUIN
3042;ANTONIO ABAD
3043;CRISTIAN FERNANDO
3044;EDUARDO DANIEL
3045;ESTEBAN MANUEL
3046;JEAN CLAUDE
3047;LAURENT
3048;MUHAMMED
3049;PEDRO HENRIQUE
3050;SERGIO ALBERTO
3051;ALEKSANDER
3052;CARLOS ALEXANDER
3053;GREGORIO JESUS
3054;JORGE ALFREDO
3055;RICARDO DAVID
3056;SIDI MOHAMED
3057;VESELIN
3058;YAN
3059;ALBERTO DAVID
3060;ANDRZEJ
3061;EDEN
3062;JESUS FELIPE
3063;JUAN ELOY
3064;LUIS BERNARDO
3065;LUIS RAUL
3066;M HAMED
3067;MANUEL GUILLERMO
3068;SALVADOR FRANCISCO
3069;TOMASZ
3070;AMMAR
3071;CRISPULO
3072;JESUS MARIO
3073;JOAQUIN CARLOS
3074;MATIAS ALEJANDRO
3075;NOUH
3076;ANGEL MARIO
3077;ANTONIO CESAR
3078;FELIPE JAVIER
3079;FELISINDO
3080;HARRY
3081;JAKES
3082;JOSE HILARIO
3083;LOUAY
3084;MANUEL IVAN
3085;MANUEL JULIAN
3086;NACOR
3087;ROBERT JOHN
3088;YUSUF
3089;FRANCISCO GINES
3090;FRANCISCO GUILLERMO
3091;JORGE HERNAN
3092;MARUAN
3093;MOHAMED AMIR
3094;MUDASSAR
3095;RUI MANUEL
3096;SANTIAGO FRANCISCO
3097;DEMBO
3098;FIKRI
3099;FRANCISCO PASCUAL
3100;JOSE EMILIANO
3101;JOSEF
3102;KAMRAN
3103;KARLOS
3104;RASHID
3105;WERNER
3106;ANTERO
3107;BENICIO
3108;BOURAMA
3109;EYDAN
3110;PEDRO EDUARDO
3111;XOSE MANUEL
3112;AMARA
3113;ANGEL ROBERTO
3114;CESAR MIGUEL
3115;JORITZ
3116;JOSE ABRAHAM
3117;LUIS JULIAN
3118;MICHAEL DAVID
3119;PABLO GABRIEL
3120;ALVARO DANIEL
3121;DAVID MICHAEL
3122;DJIBY
3123;GERMAN ANTONIO
3124;KAREL
3125;MICHAEL STEVEN
3126;MOHAMMED SAID
3127;PEDRO DAMIAN
3128;USAMA
3129;YANN
3130;AGUSTIN FRANCISCO
3131;BITTOR
3132;BRUNO MIGUEL
3133;EMILIO MIGUEL
3134;FERNANDO MARTIN
3135;GABRIEL ANDRES
3136;HAMIDOU
3137;RODRIGO ANDRES
3138;ZAIN
3139;ANTONIO PADUA
3140;DALMACIO
3141;FRANCISCO RICARDO
3142;GUILLERMO ANDRES
3143;IRENEO
3144;JORGE ALEXANDER
3145;JULIAN JESUS
3146;KELVIN
3147;MARZOUK
3148;MIKE
3149;ANGEL ALEJANDRO
3150;ANGEL EMILIO
3151;CARLOS JULIAN
3152;DRISSA
3153;ELMER
3154;GABRIEL FRANCISCO
3155;JOAQUIN IGNACIO
3156;JUAN BLAS
3157;NAEEM
3158;NICOLAS ANDRES
3159;NOURDINE
3160;VASILICA
3161;VICENTE JOAQUIN
3162;VITOR MANUEL
3163;VITTORIO
3164;ALVARO ANDRES
3165;ALVARO MARIA
3166;ANTONIO LORENZO
3167;EDSON
3168;FRANCISCO FELIPE
3169;FRANCISCO FELIX
3170;GUSTAVO ALEJANDRO
3171;IBRA
3172;JEAN CARLO
3173;JONATHAN JAVIER
3174;PEDRO FELIPE
3175;RADOSLAV
3176;THIERRY
3177;CRISTIAN ANTONIO
3178;ESTEBAN JESUS
3179;EVENCIO
3180;JOSE FEDERICO
3181;JOSE ROGELIO
3182;MARTIN ANTONIO
3183;NICOLAS MANUEL
3184;ROCCO
3185;ANTONIO DAMIAN
3186;CLAUDINO
3187;DONOVAN
3188;FELIX FRANCISCO
3189;GRACILIANO
3190;HONORINO
3191;SAIKOU
3192;TOMAS ANGEL
3193;AKETZA
3194;BRYAN STEVEN
3195;HUG
3196;JESUS RICARDO
3197;MICHAEL ALEXANDER
3198;ORLANDO JOSE
3199;QUIQUE
3200;ALFREDO JAVIER
3201;ANGEL ALFONSO
3202;DIMITRI
3203;FRANCISCO EUGENIO
3204;HECTOR ALEJANDRO
3205;JOAN PAU
3206;LUIS GREGORIO
3207;LUIS IVAN
3208;PABLO RAFAEL
3209;SANTIAGO RAMON
3210;BUBACARR
3211;DIOGO
3212;ETIENNE
3213;GREGORY
3214;JOSE YERAY
3215;MARCO TULIO
3216;RAFAEL RAMON
3217;RICARDO JORGE
3218;SABAS
3219;ABDELHAQ
3220;ALBERTO JUAN
3221;AREN
3222;CRISTOBAL MANUEL
3223;HOCINE
3224;LUIS ORLANDO
3225;PAUL ANTHONY
3226;YANG
3227;DAVID WILLIAM
3228;ENRIQUE RAMON
3229;FELIPE ANDRES
3230;GABRIEL MARIA
3231;JOSE JACINTO
3232;JOSU MIRENA
3233;MARTINIANO
3234;MOHAMED YASSINE
3235;PANTALEON
3236;SUKHWINDER
3237;ALGUER
3238;BENITO MANUEL
3239;BOUABID
3240;BOUALEM
3241;DAVID JAMES
3242;DIEGO IGNACIO
3243;EL HADJI
3244;JOSEBA MIKEL
3245;PAWEL
3246;PONCIANO
3247;RODRIGO ALEJANDRO
3248;ZACARIA
3249;AGUSTIN JESUS
3250;ALBERTO RAMON
3251;ALCIDES
3252;ARSEN
3253;CHERIF
3254;CLAUDIO JOSE
3255;DIEGO ALFONSO
3256;FELIPE SANTIAGO
3257;JOAN PERE
3258;JOSE MARCELINO
3259;MATEI
3260;SIMO
3261;ABDELMOUNAIM
3262;BOUBKER
3263;DRAGOS
3264;ENRIQUE FERNANDO
3265;HECTOR EDUARDO
3266;HUGO DANIEL
3267;IGNACIO LOYOLA
3268;JEAN FRANÇOIS
3269;JESUS ROBERTO
3270;SOULAYMAN
3271;ACHER
3272;CHAKIR
3273;CHRISTIAN JAVIER
3274;EL MOULOUDI
3275;GIULIANO
3276;JAIME JUAN
3277;JERAY
3278;JONATHAN ANDRES
3279;JOSE CLEMENTE
3280;JOSE FABIAN
3281;JOSE GASPAR
3282;NASIM
3283;NASREDDINE
3284;ANATOLII
3285;ANDRES ENRIQUE
3286;ARYAN
3287;CARLOS FABIAN
3288;CHRISTIAN ALEXANDER
3289;JOSE BENIGNO
3290;JOSE FLORENCIO
3291;JOSE ISAAC
3292;KACEM
3293;LARS
3294;LUCAS MANUEL
3295;MARC ANTONI
3296;STEPHAN
3297;ALBERTO DANIEL
3298;AURELIAN
3299;DRIS
3300;DUARTE
3301;ENRIQUE ANGEL
3302;FAOUZI
3303;JORGE PABLO
3304;LOTFI
3305;RAMON CARLOS
3306;RODRIGO JAVIER
3307;SAMUEL ANTONIO
3308;AMER
3309;ANTONY
3310;BADR EDDINE
3311;ELEDER
3312;JIHAD
3313;JOSEP ANTON
3314;LEONARDO ANDRES
3315;LEONARDO JAVIER
3316;MANUEL BENITO
3317;RECAREDO
3318;VICTOR RAFAEL
3319;DAVID RAFAEL
3320;DORU
3321;ERASMO
3322;GAETANO
3323;MAVERICK
3324;SAJJAD
3325;SERIGNE FALLOU
3326;SOUHAIB
3327;VICTOR MARIA
3328;ANDRES CARLOS
3329;AURELIO JOSE
3330;CARLOS SEBASTIAN
3331;FAYSAL
3332;GREGORIO MANUEL
3333;JOSE DOLORES
3334;JUAN JAIME
3335;STOYAN
3336;EDINSON
3337;EDUARDO RAFAEL
3338;JUAN MATA
3339;JUNHAO
3340;MARWANE
3341;ROBERTO ALEJANDRO
3342;SAQIB
3343;ADEEL
3344;AGUSTIN ANTONIO
3345;GUILLERMO ENRIQUE
3346;LUIS ALVARO
3347;RAZVAN
3348;XIANG
3349;YULEN
3350;ZAKARIYA
3351;ABDELFETTAH
3352;ALAE
3353;ALEJANDRO JUAN
3354;ATIF
3355;CHEIKH TIDIANE
3356;ELIAS JOSE
3357;ERNESTO JAVIER
3358;JAVED
3359;MIKAEL
3360;MONSERRATE
3361;TARSICIO
3362;VICTOR JUAN
3363;XAN
3364;ABDELOUAHAD
3365;ANGEL RICARDO
3366;ANTHONY JOHN
3367;BESAY
3368;CLIMENT
3369;DARIO JOSE
3370;GIOVANNY
3371;ISMAEL JESUS
3372;JOSE REYES
3373;JOSEBA KOLDO
3374;LAURO
3375;LORENZO JESUS
3376;MARCOS ANDRES
3377;RICHARD JOHN
3378;RUBEN ALEJANDRO
3379;SVEN
3380;VICENTE ANDRES
3381;WILLIAN
3382;ANTONIO PASCUAL
3383;EDUARDO RAMON
3384;IVAN FRANCISCO
3385;MOUHSSINE
3386;PABLO RAMON
3387;ABDELKHALAK
3388;ACAYMO
3389;ALBERTO ENRIQUE
3390;ANGEL FELIPE
3391;FADI
3392;ION ANDER
3393;JAVIER RAMON
3394;JULIO VICENTE
3395;SANDU
3396;SANTINO
3397;SEBASTIAN MANUEL
3398;WILLIAMS
3399;ACISCLO
3400;ALFREDO LUIS
3401;DANIEL VICENTE
3402;GODOFREDO
3403;HECTOR ENRIQUE
3404;UMBERTO
3405;ZAFAR
3406;ENRIQUE ALEJANDRO
3407;HORTENSIO
3408;JORGE LEONARDO
3409;JOSE PATRICIO
3410;LUIS CARMELO
3411;OLAF
3412;ABDELKABIR
3413;ADRIAN DAVID
3414;ALEJANDRO ANDRES
3415;AYUB
3416;DANIEL SANTIAGO
3417;DARIO JAVIER
3418;MARIO CESAR
3419;MAZHAR
3420;NOLAN
3421;SIAKA
3422;AIMAD
3423;CORNELIO
3424;CRISTIAN ALBERTO
3425;FERNANDO JORGE
3426;FRANCISCO ROBERTO
3427;IZHAN
3428;JUANJO
3429;MANUEL FELIX
3430;MARCELO FABIAN
3431;MARCOS LUIS
3432;ALVARO DAVID
3433;AYAN
3434;CASILDO
3435;PABLO VICENTE
3436;QASIM
3437;RAMON ENRIQUE
3438;RAUL EDUARDO
3439;YOSU
3440;ANTONIO ESTEBAN
3441;ARIS
3442;FELIU
3443;IONUT DANIEL
3444;JON IMANOL
3445;ROBERTO ENRIQUE
3446;SEBASTIEN
3447;ASEN
3448;DIEGO NICOLAS
3449;DIEGO RAFAEL
3450;GABRIEL ALEXANDER
3451;JOAN ENRIC
3452;JORGE RICARDO
3453;LUCAS JOSE
3454;LUIS FELIX
3455;SERGIO IVAN
3456;YEVHEN
3457;ALVARO ENRIQUE
3458;CORNELIU
3459;HOUARI
3460;JOSEBA MIRENA
3461;LAHSEN
3462;MANUEL AUGUSTO
3463;MOHAMED RAYAN
3464;MOHAMMADI
3465;NICOLAI
3466;PEDRO PASCUAL
3467;ROBERTO ANDRES
3468;STIVEN
3469;VALERII
3470;VYACHESLAV
3471;AITOR JOSE
3472;BRYAN ANDRES
3473;FRANCISCO JULIO
3474;JAIME EDUARDO
3475;JULIO IGNACIO
3476;LUC
3477;REMUS
3478;THAMI
3479;TUDOREL
3480;ZOLTAN
3481;ADAI
3482;ANDRES RAMON
3483;ANGEL FELIX
3484;ANIR
3485;FEDERICO MANUEL
3486;JAIME MARIA
3487;LUAN
3488;MIGUEL RAFAEL
3489;MIGUEL SANTIAGO
3490;WASEEM
3491;ANDREI ALEXANDRU
3492;DAVID JUAN
3493;ELICIO
3494;IURIE
3495;JORGE MARIA
3496;JOVINO
3497;JUVENTINO
3498;PATRIK
3499;VICENTE DAVID
3500;FRANC
3501;ILIAN
3502;JACINTO JOSE
3503;JOSE CRISTIAN
3504;LUIS JAIME
3505;MAHFOUD
3506;MANUEL ARTURO
3507;MARIANO ANTONIO
3508;PEDRO IVAN
3509;RAFAEL PEDRO
3510;RAHHAL
3511;TASIO
3512;YADIEL
3513;ALEJANDRO CARLOS
3514;ARTURO MANUEL
3515;AZHAR
3516;BO
3517;CRISTIAN EDUARDO
3518;DIEGO RAMON
3519;DJILALI
3520;JESUS LORENZO
3521;JOSE VENTURA
3522;JOSEBA KOLDOBIKA
3523;KASHIF
3524;LEONARDO ANTONIO
3525;LUIS AUGUSTO
3526;MANUEL GABRIEL
3527;MATAR
3528;OUSAMA
3529;RODRIGO ANTONIO
3530;VLAD
3531;ALBERTO ALEJANDRO
3532;ALFONSO FRANCISCO
3533;CESAR CARLOS
3534;CHRISTIAN JESUS
3535;CRHISTIAN
3536;JAIME FERNANDO
3537;MANUEL MARTIN
3538;MAREN
3539;DELFINO
3540;EL HADI
3541;HUGO ANTONIO
3542;JOSE MARCIAL
3543;JULIAN CARLOS
3544;MAURICIO ALEJANDRO
3545;RAUL FRANCISCO
3546;SEBASTIAN ANTONIO
3547;TOMAS MIGUEL
3548;XACOBE
3549;ACHOUR
3550;ALEXANDRU DANIEL
3551;ANGEL RAUL
3552;ANTONIO SEBASTIAN
3553;ARTURO JAVIER
3554;FEDERICO JAVIER
3555;GEOFFREY
3556;HECTOR MIGUEL
3557;JOSEBA IMANOL
3558;MUHAMMAD ALI
3559;QAISAR
3560;RUBENS
3561;SALVA
3562;ALEXANDRU MARIAN
3563;GUILLERMO FRANCISCO
3564;IVAN ANDRES
3565;JORGE EMILIO
3566;JOSE RAIMUNDO
3567;JUAN RUBEN
3568;JULIO CARLOS
3569;KARL HEINZ
3570;ABDOURAHMANE
3571;AISSAM
3572;ASIM
3573;CHAFIK
3574;FLOREA
3575;FRANCISCO GERMAN
3576;GRAU
3577;JOB
3578;KENZO
3579;MATHEO
3580;NICOLO
3581;OUASSIM
3582;ANTONIO DIEGO
3583;CHRISTIAN ALEJANDRO
3584;GINO
3585;KILLIAN
3586;MARTIN JAVIER
3587;MICHAEL ANTHONY
3588;SOUFYANE
3589;BLADIMIR
3590;CATALINO
3591;FRANCISCO JAIME
3592;ISAAC MANUEL
3593;JAMIL
3594;JOAQUIN ANDRES
3595;JOSE LEON
3596;JUAN ROMAN
3597;JUSTO JOSE
3598;KAREN
3599;LUIS HERNAN
3600;MATEO JOSE
3601;ZEBENSUI
3602;CLEMENTINO
3603;DIEGO MARIA
3604;DRAMANE
3605;EDUARDO ALEJANDRO
3606;EL MOSTAPHA
3607;KAMIL
3608;MOISES DAVID
3609;OSCAR RAMON
3610;OUTMAN
3611;PERE ANTONI
3612;RALF
3613;RUDY
3614;SALVADOR VICENTE
3615;TOMAS JAVIER
3616;ABDENNABI
3617;ALPHA
3618;ANDREW JAMES
3619;BORJA JOSE
3620;CALIN
3621;DANIL
3622;ENRIQUE DAVID
3623;FIRAS
3624;JOSE CAMILO
3625;JOSE MODESTO
3626;MAMADY
3627;MARCOS GABRIEL
3628;NATHANIEL
3629;RAI
3630;SABIR
3631;SANTIAGO NICOLAS
3632;YEISON
3633;AUSIAS
3634;BELAID
3635;CARLOS AGUSTIN
3636;CESAR DANIEL
3637;DANIEL ALFONSO
3638;EL HOUSSAINE
3639;JUAN ALEXIS
3640;JULIO DAVID
3641;LEV
3642;LUIS DIEGO
3643;MACIA
3644;MARCOS MIGUEL
3645;MARIO FRANCISCO
3646;MOHA
3647;NICOLAS JESUS
3648;PEDRO FELIX
3649;RAUL ANDRES
3650;ALFONSO ANGEL
3651;ANTONIO CARMELO
3652;BOUZIANE
3653;DAGOBERTO
3654;DIEGO GABRIEL
3655;DOMINGOS
3656;EITHAN
3657;EMERSON
3658;FRANCISCO DIEGO
3659;GENNARO
3660;GERARDO MANUEL
3661;JOSE EUSEBIO
3662;LOAY
3663;MANUEL SEBASTIAN
3664;MARCIO
3665;MAURICIO ANDRES
3666;PEDRO EUGENIO
3667;RAUL DAVID
3668;REDUAN
3669;ANDRES ANGEL
3670;ANGEL JULIAN
3671;ANGEL MARIANO
3672;ANTONIO GUILLERMO
3673;BADER
3674;BAGHDAD
3675;CARLOS DOMINGO
3676;CHRISTIAN DANIEL
3677;DAVI
3678;HERNAN DARIO
3679;JESUS RAUL
3680;JOSE JERONIMO
3681;MARIO DANIEL
3682;MOHAMED LAMINE
3683;SAFOUAN
3684;TIAN
3685;VITALY
3686;WILLY
3687;AMILCAR
3688;ANDRES VICENTE
3689;ANTONIO IVAN
3690;ARNOLD
3691;CARLOS EUGENIO
3692;HUSSEIN
3693;IDRIS
3694;NICULAE
3695;RUBEN FRANCISCO
3696;TIBERIU
3697;AGUSTIN JAVIER
3698;CHRISTIAN MANUEL
3699;EDUARDO JUAN
3700;ERICK ALEXANDER
3701;FELIX RAMON
3702;IFTIKHAR
3703;JESUALDO
3704;JOHN PAUL
3705;LEANDRO JOSE
3706;LLUIS MARIA
3707;MANUEL CARMELO
3708;NESTOR JOSE
3709;SANDEEP
3710;SEGUNDO MANUEL
3711;SERGIO RAMON
3712;AZZEDINE
3713;EL HOUSSAIN
3714;ESTEFANO
3715;FARIS
3716;HARPREET
3717;JOHN ANTHONY
3718;JOSE LINO
3719;JUAN DAMIAN
3720;MALCOLM
3721;GERALD
3722;HAMDI
3723;HERMAN
3724;JESUS AGUSTIN
3725;JORGE FELIX
3726;OSCAR MAURICIO
3727;SEBASTIAN DAVID
3728;VICENTE PASCUAL
3729;ABLAYE
3730;AHSAN
3731;ALEXANDRU CRISTIAN
3732;BEN
3733;CESAR FRANCISCO
3734;CHEN
3735;DAVID LUIS
3736;GERMAN JOSE
3737;MANUEL NICOLAS
3738;MOHAMED FADEL
3739;NECO
3740;NEYMAR
3741;NOURDIN
3742;PENG
3743;VICENTE TOMAS
3744;ALEX DANIEL
3745;ANTONIO EUGENIO
3746;ANTONIO ROBERTO
3747;ARITZA
3748;CARLOS HERNAN
3749;IVAN JAVIER
3750;JADEN
3751;JOAQUIN ENRIQUE
3752;JOSE EULOGIO
3753;JUNAID
3754;KIKE
3755;MANASES
3756;MARCIN
3757;MARIUS DANIEL
3758;OSCAR RAUL
3759;SANTIAGO DANIEL
3760;CHAKIB
3761;DANIEL ADRIAN
3762;ELYAS
3763;HELMUT
3764;HUGO MIGUEL
3765;ISMAEL JOSE
3766;MALANG
3767;MIGUEL SANTOS
3768;PAULO ALEXANDRE
3769;RAUL FERNANDO
3770;TERENCE
3771;TIJANI
3772;WAQAR
3773;ANDRES IGNACIO
3774;ARSHAD
3775;BELAL
3776;BYRON
3777;CARLOS ALEXIS
3778;CARLOS PEDRO
3779;HOUCINE
3780;HUGO ALEJANDRO
3781;IGNACIO ANDRES
3782;JASWINDER
3783;JOHN HENRY
3784;JORGE ADRIAN
3785;JOSE LUCIANO
3786;JOSE OCTAVIO
3787;LEONARDO FABIO
3788;PRINCE
3789;YUSSEF
3790;ANTONIO RUBEN
3791;CARLOS FEDERICO
3792;ERNESTO MANUEL
3793;JAAFAR
3794;JORGE ROBERTO
3795;LASZLO
3796;LUIS SEBASTIAN
3797;MARCELO DANIEL
3798;NICOLAS FRANCISCO
3799;PASCASIO
3800;VEACESLAV
3801;YAZID
3802;ALEX DAVID
3803;ANDRES JUAN
3804;BENJAMI
3805;EVGENII
3806;FILOMENO
3807;JUAN GINES
3808;LLIBERT
3809;LUIS FILIPE
3810;MARTXEL
3811;PEDRO ESTEBAN
3812;PETER JAMES
3813;YARED
3814;CARLOS NICOLAS
3815;CRISTIAN ADRIAN
3816;EL AID
3817;JABER
3818;LUIS BENITO
3819;MANUEL ROBERTO
3820;PAUL DAVID
3821;PERE JOSEP
3822;SAMY
3823;SERGIO FERNANDO
3824;TALLA
3825;ABEL JESUS
3826;ADRIAN GABRIEL
3827;BERNARDO JESUS
3828;CARLOS ADOLFO
3829;FERNANDO ALFONSO
3830;JOEL DAVID
3831;JOSEP ENRIC
3832;KOUIDER
3833;MANUEL ADOLFO
3834;MARCELLI
3835;NADER
3836;OSCAR ALFREDO
3837;PEDRO NICOLAS
3838;TOMAS ENRIQUE
3839;ANTONIO JULIO
3840;BARAE
3841;ENRIQUE MARIA
3842;GONZALO MARIA
3843;IOSEBA
3844;ISAM
3845;IVAN CARLOS
3846;JACINTO JAVIER
3847;JAKUB
3848;JURGI
3849;LIANG
3850;LUIS FABIAN
3851;ROBERT JAMES
3852;RODRIGO MANUEL
3853;SAMUELE
3854;XIAOFENG
3855;ALFONSO DAVID
3856;ANATOLIE
3857;BENIAMIN
3858;DANIEL RICARDO
3859;GAROE
3860;HUGO JAVIER
3861;IAN DAVID
3862;IGNACIO RAMON
3863;MANUEL GONZALO
3864;SERGIO EDUARDO
3865;TANVEER
3866;ATTILA
3867;BLAS ANTONIO
3868;EMILIO JUAN
3869;FAYCAL
3870;ITZAN
3871;JAIME RAMON
3872;JORGE OMAR
3873;JUAN AURELIO
3874;JUAN ISMAEL
3875;NIKOLOZ
3876;OMAR JESUS
3877;PARIS
3878;SANTIAGO ENRIQUE
3879;SIGFRIDO
3880;ANDRES DANIEL
3881;BOUJAMAA
3882;DOMINGO GUZMAN
3883;ESSAID
3884;HOUSSAIN
3885;JOSE EVARISTO
3886;JOSEP JOAN
3887;KEVIN MANUEL
3888;MARINEL
3889;PABLO TOMAS
3890;PEDRO SALVADOR
3891;RAMON IGNACIO
3892;ROGERIO
3893;SERGIO JUAN
3894;SIGIFREDO
3895;XIAO
3896;AARON DAVID
3897;ANDRES SEBASTIAN
3898;AUGUSTIN
3899;BLAS JOSE
3900;IONE
3901;JORGE ERNESTO
3902;JUAN GERARDO
3903;JUAN JERONIMO
3904;KHURRAM
3905;MARCOS ALBERTO
3906;MIGUEL SALVADOR
3907;ROSALINO
3908;RUBEN DANIEL
3909;ZOHAIR
3910;ADOLFO JESUS
3911;ALICIO
3912;GEORGIOS
3913;JIALE
3914;JOSE MARCELO
3915;LUAR
3916;LUIS AURELIO
3917;MANUEL DANIEL
3918;MARTIN MANUEL
3919;MATEUS
3920;MATIAS JOSE
3921;PABLO ALFONSO
3922;ROBERTO FRANCISCO
3923;SAIDOU
3924;UMAIR
3925;ZIHAO
3926;ANATOLI
3927;DANIEL IGNACIO
3928;EMIGDIO
3929;GELU
3930;LUIS AGUSTIN
3931;OSMAN
3932;QAMAR
3933;ALFONSO JUAN
3934;DAVID ALEXANDRU
3935;DAVID CARLOS
3936;EDUARDO VICENTE
3937;GORAN
3938;GUILLERMO JUAN
3939;HECTOR HUGO
3940;IVAN LUIS
3941;JOEL ALEXANDER
3942;JOHN JAMES
3943;JOSE AITOR
3944;MARCOS ALEJANDRO
3945;MIHAI ALEXANDRU
3946;NICOLAS GABRIEL
3947;PRAXEDES
3948;RAFAEL SANTIAGO
3949;TIMOTHY
3950;VITOR
3951;WILDER
3952;ADRIEN
3953;DANIEL MIGUEL
3954;DEMIAN
3955;DIOGENES
3956;NIDAL
3957;PABLO EDUARDO
3958;PRIMO
3959;ALBERTO ANGEL
3960;ANDRES CAMILO
3961;ANGEL ESTEBAN
3962;AWAIS
3963;BALWINDER
3964;CLAUDIO ANTONIO
3965;DANY
3966;DIETER
3967;JUAN JULIO
3968;NOMAN
3969;RUBEN ALBERTO
3970;SHOAIB
3971;TOADER
3972;UWE
3973;AITOR MANUEL
3974;ANGEL RUBEN
3975;CARLOS RODRIGO
3976;EMILIAN
3977;FELIX LUIS
3978;GERMAN ANDRES
3979;JAIME ALEJANDRO
3980;JOAN IGNASI
3981;MBARK
3982;RUDOLF
3983;ABDELKEBIR
3984;ABDESLEM
3985;ALEXIS JOSE
3986;EYDEN
3987;GABRIEL ALBERTO
3988;IELTXU
3989;JESUS GUILLERMO
3990;JOSE SIMON
3991;JUAN RODRIGO
3992;LEE
3993;MAMADOU ALIOU
3994;MANUEL MESIAS
3995;MIGUEL PEDRO
3996;SERGIO GABRIEL
3997;SULEMAN
3998;YAMAL
3999;ALBERTO MARIA
4000;ALEJANDRO RAMON
4001;ALVARO JUAN
4002;ANGEL GUILLERMO
4003;ANTONIO AUGUSTO
4004;CHAHID
4005;EDGAR JOSE
4006;EDWIN ANDRES
4007;FRANCISCO CARMELO
4008;IRAKLI
4009;JACOPO
4010;JOSE JONATHAN
4011;JOSE RODOLFO
4012;JULIAN MARIA
4013;MARIANO JAVIER
4014;MOUSTAFA
4015;NAWFAL
4016;OSCAR RUBEN
4017;ROLF
4018;RONNY
4019;SANTIAGO ALBERTO
4020;ADELARDO
4021;BINGEN
4022;BRYAN DAVID
4023;EHSAN
4024;EMILIO RAMON
4025;ERNESTO JESUS
4026;EUGENIO JESUS
4027;GABRIEL FERNANDO
4028;HUMBERTO JOSE
4029;JOSE PAULINO
4030;JUAN OSCAR
4031;LEVAN
4032;LUCAS DAVID
4033;MANUEL VICTOR
4034;RAINER
4035;RAMON FERNANDO
4036;ADOLFO MANUEL
4037;ADRIAN FRANCISCO
4038;ANGEL IVAN
4039;BERND
4040;CRISTOFOL
4041;DIEGO EDUARDO
4042;ISIDRO JAVIER
4043;MOHAMMED LARBI
4044;NICOLAS DAVID
4045;DAIRON
4046;JEREMI
4047;JOHANN
4048;JOSE FAUSTINO
4049;JOSEP XAVIER
4050;LAKBIR
4051;MARIO MIGUEL
4052;RICARDO ALEJANDRO
4053;RICARDO JUAN
4054;ALEX FERNANDO
4055;DANIEL RAMON
4056;ELOY JOSE
4057;ENRIQUE RAFAEL
4058;FRANCISCO SEBASTIAN
4059;GIANMARCO
4060;HUI
4061;JORGE PEDRO
4062;JOSUA
4063;MANUEL ALEXANDER
4064;MANUEL GREGORIO
4065;MONSEF
4066;NILS
4067;PABLO ADRIAN
4068;PABLO SANTIAGO
4069;ABDEL ILAH
4070;ADRIAN ALBERTO
4071;ALBERTO RAFAEL
4072;DANIEL CARLOS
4073;EDGARD
4074;ENAI
4075;JOAQUIN FERNANDO
4076;JOHAN MANUEL
4077;NELSON JOSE
4078;RAUL ENRIQUE
4079;RAYHAN
4080;ZURAB
4081;BORJA MANUEL
4082;CARLOS ARIEL
4083;DIEGO DANIEL
4084;EMERITO
4085;EMRAN
4086;GEORGES
4087;HARKAITZ
4088;HECTOR ANDRES
4089;LAHOUARI
4090;MIGUEL JOAQUIN
4091;PEDRO CESAR
4092;TOMAS ALBERTO
4093;WILLIAM ANDRES
4094;ADRIAN DANIEL
4095;ANGEL MARTIN
4096;FRANZ
4097;HADI
4098;HUGO FERNANDO
4099;JHON
4100;JORGE WASHINGTON
4101;JOSE SERGIO
4102;JULIO ERNESTO
4103;LORENZO ANTONIO
4104;NOAM
4105;PASCUAL JOSE
4106;ROBERTO ANGEL
4107;SALEK
4108;ANTONIO ISMAEL
4109;AOMAR
4110;DAVID ALFONSO
4111;EDUARDO GABRIEL
4112;FELIPE CARLOS
4113;FRANCISCO GREGORIO
4114;HAGIE
4115;HANS PETER
4116;JALIL
4117;JOSE JUSTO
4118;JULIO RAFAEL
4119;MAURICIO JOSE
4120;NELSON ENRIQUE
4121;RAFAEL PABLO
4122;RAMON EDUARDO
4123;SAMER
4124;VICTOR JULIO
4125;WILLIAM ALEXANDER
4126;AARON JOSE
4127;EL HOSSAIN
4128;FABIAN ALEJANDRO
4129;JAIRO ANDRES
4130;JESUS OSCAR
4131;JIAJUN
4132;JORGE GUILLERMO
4133;RAFAEL ALFONSO
4134;RAFAEL EMILIO
4135;SANTIAGO RAFAEL
4136;XESUS
4137;AGUSTIN ANGEL
4138;ALEJANDRO MARTIN
4139;CHRISTOPHER JAMES
4140;DANIEL JUAN
4141;DAVID GEORGE
4142;DAVID RICARDO
4143;DAVID SEBASTIAN
4144;FLOREAL
4145;ILAN
4146;JEFERSON
4147;JIANFENG
4148;JORGE ALFONSO
4149;JORGE SANTIAGO
4150;LEONARDO GABRIEL
4151;MARIUS IONUT
4152;MILEN
4153;MING
4154;MOHAMMED REDA
4155;RUBEN ANGEL
4156;SANTIAGO JUAN
4157;SINESIO
4158;ALIAKSANDR
4159;AMEUR
4160;CANDELARIO
4161;DIOSDADO
4162;DYLAN JOSE
4163;EMILIO VICENTE
4164;FERNANDO JOAQUIN
4165;FLORIN DANIEL
4166;FRANCISCO ISMAEL
4167;GUILLAUME
4168;GUSTAVO MANUEL
4169;JHON ALEJANDRO
4170;JOHN ALEJANDRO
4171;LIN
4172;MARIUS CRISTIAN
4173;MIGUEL ANGELO
4174;MOHSSINE
4175;PEDRO VICTOR
4176;RICHARD ALEXANDER
4177;SAMUEL ANDRES
4178;SOLAIMAN
4179;SVETOSLAV
4180;ALAN DAVID
4181;CARLOS MARCELO
4182;CARMINE
4183;DANYLO
4184;DAVID ESTEBAN
4185;ELIAS MANUEL
4186;EUSEBI
4187;JOEL ANTONIO
4188;JOSE MOISES
4189;JULIAN MIGUEL
4190;LAYACHI
4191;LUQMAN
4192;MAXIME
4193;ORLANDO JESUS
4194;RAFAEL JOAQUIN
4195;SAIF EDDINE
4196;ACACIO
4197;ANDREW DAVID
4198;ANTONIO JAIME
4199;FABIO ANDRES
4200;FAYSSAL
4201;IVAN DANIEL
4202;JEAN MARC
4203;JOSE ABELARDO
4204;MANPREET
4205;MATHIEU
4206;NICOLAS DANIEL
4207;SANTIAGO MARIA
4208;VICENTE ALBERTO
4209;BABAR
4210;BARA
4211;DANIEL SEBASTIAN
4212;HECTOR FRANCISCO
4213;HERBERT
4214;JAVIER JUAN
4215;JORGE NICOLAS
4216;JUAN CESAR
4217;MAMADOU SALIOU
4218;MANUEL ADRIAN
4219;MARCELO JAVIER
4220;PASQUAL
4221;SOUMAILA
4222;CESAR FERNANDO
4223;EDWIN ALEXANDER
4224;ERNESTO ANTONIO
4225;FILIPE
4226;HAYTHAM
4227;ILIYA
4228;ISAURO
4229;JEAN MICHEL
4230;JORGE JOAQUIN
4231;JULIO EDUARDO
4232;PABLO AGUSTIN
4233;RANJIT
4234;VICTOR VICENTE
4235;YAAKOUB
4236;AAMIR
4237;ABDOU AZIZ
4238;AGRIPINO
4239;ALEXANDER DAVID
4240;ANGEL SEBASTIAN
4241;ANTONIO FERMIN
4242;EDGAR ANTONIO
4243;FEDOR
4244;FERNANDO NICOLAS
4245;FLORINDO
4246;GABRIEL DAVID
4247;GAVRIL
4248;JESUS NICOLAS
4249;KARL
4250;KEVIN JAVIER
4251;LUIS LORENZO
4252;MARICEL
4253;MOHAMMED ALI
4254;OMAR ANTONIO
4255;RUDESINDO
4256;SERGIO RAFAEL
4257;VALENTYN
4258;VICTOR JOAQUIN
4259;ABDELFATAH
4260;ANDRES SANTIAGO
4261;ARI
4262;DAVID ISRAEL
4263;EDUARDO CARLOS
4264;EL KHALIL
4265;ESTEBAN JAVIER
4266;ISMAEL ANTONIO
4267;JOAN ANDREU
4268;JUSTO ANTONIO
4269;MIMON
4270;NICOLAS JAVIER
4271;ROBERTO JUAN
4272;RUI MIGUEL
4273;SEBASTIAN GABRIEL
4274;SOULIMAN
4275;TAYLOR
4276;ALEXANDRU FLORIN
4277;AZZOUZ
4278;CARLOS MARIANO
4279;CARLOS SALVADOR
4280;CIBRAN
4281;EDGAR ALEXANDER
4282;JAIME VICENTE
4283;JEAN LOUIS
4284;JOAN DAVID
4285;JUVENAL
4286;LEONARDO JESUS
4287;MANUEL ERNESTO
4288;MIGUEL ESTEBAN
4289;NOREDDINE
4290;ODON
4291;AGUSTIN MIGUEL
4292;ALEXANDRU MIHAI
4293;CHENG
4294;DANIEL NICOLAS
4295;EDUARDO ANGEL
4296;ENRIQUE EDUARDO
4297;FIDENCIO
4298;GERHARD
4299;JELLOUL
4300;JOAQUIN RAFAEL
4301;PABLO JOAQUIN
4302;PAUL JOHN
4303;PEDRO JAIME
4304;VICTORIANO MANUEL
4305;CHRISTIAN CAMILO
4306;CRISTOBAL JAVIER
4307;EL HAJ
4308;FREDERICK
4309;ISTVAN
4310;JOSE DIONISIO
4311;LICINIO
4312;LUIS OSWALDO
4313;LUKASZ
4314;MARCOS FRANCISCO
4315;MARK ANDREW
4316;RAUL JAVIER
4317;ROBERTO DAVID
4318;YERAY JESUS
4319;ALBERTO ANDRES
4320;ALVARO RAFAEL
4321;ANGEL AGUSTIN
4322;BRUNO JOSE
4323;CHRISTIAN EDUARDO
4324;EYAD
4325;FEDERICO ANTONIO
4326;FELIX ENRIQUE
4327;FLORINEL
4328;FRANCISCO MARIANO
4329;HADJ
4330;IJAZ
4331;JAIME DAVID
4332;JANO
4333;JENS
4334;JOAN VICENT
4335;JOHN ROBERT
4336;JORGE MARTIN
4337;MANUEL JAIME
4338;MARCO ANDRES
4339;NICOLAS ALBERTO
4340;OSCAR ARMANDO
4341;RAFAEL JORGE
4342;RAMIRO JOSE
4343;ABDELMOUNIM
4344;ANGEL NICOLAS
4345;ANTONIO ADRIAN
4346;DAVID FELIPE
4347;EL AMIN
4348;EUKEN
4349;FARHAN
4350;FERNANDO TOMAS
4351;FLORENCI
4352;GABRIEL MANUEL
4353;IACOB
4354;ILLIA
4355;JACINTO MANUEL
4356;KEVIN JOEL
4357;MARIO GABRIEL
4358;MARTIN FRANCISCO
4359;MITKO
4360;MOHAMED LAMIN
4361;ROBERT WILLIAM
4362;SALVADOR MIGUEL
4363;ALEX JAVIER
4364;ALFONSO ENRIQUE
4365;ALFREDO MIGUEL
4366;AYMAR
4367;DAVID RAMON
4368;DAVID VICENTE
4369;DOMINGO LUIS
4370;DOMINIQUE
4371;EDGARDO
4372;GEORGEL
4373;GONZALO ANDRES
4374;GUILLERMO MIGUEL
4375;HAROON
4376;JUSTO JAVIER
4377;LI
4378;LOIC
4379;MANUEL RAUL
4380;MARIO ANGEL
4381;MATIAS GABRIEL
4382;TIHOMIR
4383;VICTOR JULIAN
4384;WILLIAM JOHN
4385;ABDENOUR
4386;ANTHONY DAVID
4387;BERNARDO ANTONIO
4388;CHADI
4389;DANIEL MARIA
4390;EDUARDO MARIA
4391;ELOY MANUEL
4392;ENRIQUE DANIEL
4393;FIDEL ANGEL
4394;GREGORIO ANTONIO
4395;GRZEGORZ
4396;JOAO MIGUEL
4397;JONHATAN
4398;LYUBOMIR
4399;MARTIN MIGUEL
4400;MATIES
4401;PEDRO RAUL
4402;RAMON ALEJANDRO
4403;ROSSEND
4404;XUAN
4405;ABDELMONAIM
4406;ALEXANDRU ANDREI
4407;ANDRES RAFAEL
4408;ANTOLIANO
4409;AUGUSTO JOSE
4410;CARLOS RICARDO
4411;CHRISTIAN FERNANDO
4412;DANIEL JAMES
4413;EUDALDO
4414;GUILLERMO DANIEL
4415;IMTIAZ
4416;JOHAN ANDRES
4417;MARTIN ANDRES
4418;MELVIN
4419;OSCAR JUAN
4420;ROBERT ANDREI
4421;ALDAN
4422;ALEC
4423;AMETZ
4424;BLAS JESUS
4425;CRISTIAN MIGUEL
4426;JORGE ANIBAL
4427;LOKMAN
4428;NOURDDINE
4429;RAUL MIGUEL
4430;TAIB
4431;VICENTE ALEJANDRO
4432;ADRIAN IONUT
4433;ALEXANDRU IOAN
4434;ALIEU
4435;ALVARO FERNANDO
4436;AYLAN
4437;CARMELO JAVIER
4438;CLODOALDO
4439;DAVID ADRIAN
4440;FERNANDO PEDRO
4441;HELDER
4442;OSCAR VICENTE
4443;PEDRO GINES
4444;ROSTYSLAV
4445;RUBEN CARLOS
4446;SULTAN
4447;TOMAS LUIS
4448;WESLEY
4449;ZULFIQAR
4450;ABDELWAHED
4451;DAVID ANTHONY
4452;DIEGO PABLO
4453;JUAN ARMANDO
4454;KIM
4455;LEONARDO ENRIQUE
4456;LEOPOLDO JOSE
4457;LUCKY
4458;LUIS MATEO
4459;MARCO JOSE
4460;MARIA
4461;NICHOLAS JOHN
4462;TIGRAN
4463;TREVOR
4464;UGO
4465;YICHEN
4466;AHARON
4467;ANDREI DANIEL
4468;BENITO JESUS
4469;FANEL
4470;FRANCISCO ISRAEL
4471;GHALI
4472;IOANNIS
4473;IZAM
4474;JAEL
4475;JESUS ALVARO
4476;JIANWEI
4477;JUAN PATRICIO
4478;LASHA
4479;LIZER
4480;MAMADI
4481;MARCOS AURELIO
4482;NICK
4483;RAMON JUAN
4484;RICHARD JOSE
4485;TSVETAN
4486;WIFREDO
4487;ABOUBAKR
4488;ADOLF
4489;ALAN JOHN
4490;ARTURO JESUS
4491;ES SAID
4492;IOAN ADRIAN
4493;IONUT ADRIAN
4494;JAIRO JESUS
4495;JESUS EUGENIO
4496;JOACHIM
4497;KINGSLEY
4498;LUIS MARCOS
4499;LUIS RUBEN
4500;MAMERTO
4501;MANUEL CRISTOBAL
4502;OMAR JOSE
4503;RAMON ANDRES
4504;ARMANDO JESUS
4505;DANIEL JAVIER
4506;FODAY
4507;GEORGY
4508;GUILLERMO ALBERTO
4509;IQBAL
4510;JAIRO ANTONIO
4511;JHONATHAN
4512;JOAO VICTOR
4513;JOSE TEODORO
4514;PATRICIO JOSE
4515;PAULO SERGIO
4516;TXABER
4517;ALBEIRO
4518;ARLEY
4519;BUBA
4520;CLEMENCIO
4521;CLEMENT
4522;DERECK
4523;GUY
4524;IONUT CRISTIAN
4525;ISAAC DAVID
4526;ISKANDER
4527;ISOLINO
4528;JOSE BAUTISTA
4529;JOSE LAUREANO
4530;JULIO JUAN
4531;MOHAMED ADAM
4532;NESTOR JAVIER
4533;QI
4534;ROSEN
4535;ZAKARIYAE
4536;ABUBAKAR
4537;ANTONIO VICTOR
4538;ARIDANI
4539;DANIEL ALFREDO
4540;EVER
4541;FERNANDO PABLO
4542;FERNEY
4543;GAVRILA
4544;ISAAC JOSE
4545;KOFI
4546;MAATI
4547;MANUEL SANTOS
4548;MIGUEL AGUSTIN
4549;ORION
4550;PHILIP JOHN
4551;RAYYAN
4552;ROBERT DAVID
4553;STUART
4554;VICENTE FERNANDO
4555;AARON JESUS
4556;ALAA
4557;ANDREI CRISTIAN
4558;ANGEL ALFREDO
4559;ANSAR
4560;ASIS
4561;ATAULFO
4562;CRISTHIAN ANDRES
4563;DOUDOU
4564;EXPEDITO
4565;FELIX CARLOS
4566;FRANCISCO ADOLFO
4567;HAMADY
4568;IGNACIO JUAN
4569;JESUS ADOLFO
4570;JOHN JOSEPH
4571;JOSE ADAN
4572;LUIS NICOLAS
4573;MANUEL DAMIAN
4574;MANUEL ISIDRO
4575;MOAAD
4576;PEDRO RICARDO
4577;SOCRATES
4578;SOLOMON
4579;VICTOR ADRIAN
4580;VICTOR EMILIO
4581;ANDREI IONUT
4582;ANTONIO MARIANO
4583;BLAS MANUEL
4584;CARLOS DAMIAN
4585;CHRISTOPHER DAVID
4586;DARYL
4587;EUGENIU
4588;FAICAL
4589;FRANCESC D'ASSIS
4590;FRANCISCO XABIER
4591;GUSTAVO JESUS
4592;HARUN
4593;JAIRO JOSE
4594;JESUS JORGE
4595;JULIO ALFONSO
4596;JULIUS
4597;LUIS HERNANDO
4598;MANUEL GERARDO
4599;MAURICIO JAVIER
4600;MICHAEL ANDRES
4601;NELSON JAVIER
4602;RAMON EMILIO
4603;ADELAIDO
4604;ALBERTO TOMAS
4605;ALFONSO RAMON
4606;ALFREDO ENRIQUE
4607;AZ EDDINE
4608;BRAYAN ANDRES
4609;DAVID CRISTIAN
4610;DIMITRIOS
4611;FERNANDO AGUSTIN
4612;FRANCISCO ALEXIS
4613;GUSTAVO ARIEL
4614;HAMMAD
4615;IGNACIO CARLOS
4616;JOAQUIN ALEJANDRO
4617;LUCAS JAVIER
4618;LUIS FEDERICO
4619;MATIAS DANIEL
4620;RIDOUANE
4621;ROBERT GABRIEL
4622;SOLIMAN
4623;YVES
4624;ABDEL LAH
4625;ALEX GABRIEL
4626;ALEXIS JESUS
4627;ANTONIO VALENTIN
4628;BENYOUNES
4629;DANIEL ARTURO
4630;ERITZ
4631;EVANS
4632;IHAB
4633;ISIDRO ANTONIO
4634;JUAN JOAQUIN
4635;JUAN SERGIO
4636;MANDEEP
4637;MARCO ALEJANDRO
4638;MIGUEL JORGE
4639;OMAR ALEJANDRO
4640;SIMON PEDRO
4641;STEVE
4642;YEIKO
4643;ZAHEER
4644;ALEJANDRO TOMAS
4645;AMANDEEP
4646;BOUBOU
4647;CARLOS OMAR
4648;DENIS ANDREI
4649;ELIEL
4650;ESSA
4651;FELIPE LUIS
4652;GLEB
4653;IVAN MIGUEL
4654;JAIME IGNACIO
4655;JONNATHAN
4656;JORDI JOSEP
4657;JORGE TOMAS
4658;LUCAS ANTONIO
4659;MANRIQUE
4660;MIGUEL TOMAS
4661;MOUNAIM
4662;NELSON DAVID
4663;NICOLAIE
4664;RICARDO ANGEL
4665;TIDIANE
4666;TOUHAMI
4667;YOSEF
4668;ANATOLY
4669;ARIF
4670;ASIEL
4671;CRISTHIAN CAMILO
4672;ETELVINO
4673;HARALD
4674;IOAN DANIEL
4675;JORGE ESTEBAN
4676;JOSE LEOPOLDO
4677;LAKHWINDER
4678;LUR
4679;MAGDALENO
4680;MAIOL
4681;MARIO ROBERTO
4682;MATIAS SEBASTIAN
4683;OSCAR IGNACIO
4684;SAEED
4685;SERGIO RAUL
4686;VALERY
4687;ADEM
4688;ALEXANDRU CONSTANTIN
4689;ANGEL GREGORIO
4690;ANTONIO BENITO
4691;CRISTIAN ANDREI
4692;DARIUSZ
4693;DAVID IGNACIO
4694;EL MAMOUN
4695;ISRAEL DAVID
4696;JAVIER SANTIAGO
4697;JEAN MARIE
4698;JOE
4699;JOSELITO
4700;JOSUE DANIEL
4701;JULIO DANIEL
4702;LEONARDO DANIEL
4703;MADOU
4704;MANUEL OSCAR
4705;MARIUS ADRIAN
4706;MARTIN EDUARDO
4707;MIGUEL PABLO
4708;PASCUAL ANTONIO
4709;SANDOR
4710;SANTIAGO ANGEL
4711;SERGIO ADRIAN
4712;SERGIO CARLOS
4713;TAOUFIQ
4714;ALEXANDER JESUS
4715;CESAR MARIA
4716;DYLAN ALEJANDRO
4717;EDISON JAVIER
4718;EL ALAMI
4719;GORDON
4720;GUIEM
4721;HAOYU
4722;IONUT CATALIN
4723;JHON ANDERSON
4724;KEVIN JOSUE
4725;MARIUS GABRIEL
4726;MOHAMED ISLAM
4727;PEDRO GUILLERMO
4728;SIGFREDO
4729;VICENTE PEDRO
4730;ABDELTIF
4731;ALAE EDDINE
4732;ALEJANDRO VICENTE
4733;CARLOS SAMUEL
4734;DAREN
4735;DENIS GABRIEL
4736;ESTEBAN FRANCISCO
4737;EUSEBIO JOSE
4738;HENRI
4739;JHON FREDDY
4740;JOHN RICHARD
4741;JUAN SANTOS
4742;MARIUSZ
4743;NIKOLAOS
4744;OSCAR RAFAEL
4745;STANLEY
4746;TOMAS AGUSTIN
4747;ZORAN
4748;ZOSIMO
4749;ABDOUL AZIZ
4750;ANTHONY ALEXANDER
4751;ANTONIO GERMAN
4752;ANTONIO ISIDRO
4753;BACARY
4754;DANIEL GABRIEL
4755;DANIEL IVAN
4756;EREN
4757;HAORAN
4758;HEIKO
4759;HOSSEIN
4760;JABIER
4761;JAIME RAFAEL
4762;JAVIER MARTIN
4763;JESUS ARMANDO
4764;JORGE RUBEN
4765;JOSE RUFINO
4766;JUAN EUSEBIO
4767;KURT
4768;LHOUCINE
4769;MATTHEW JAMES
4770;MIGUEL OSCAR
4771;PEDRO LORENZO
4772;RAY
4773;SOULAYMANE
4774;VICTOR ALEXANDER
4775;WILLIAM DAVID
4776;ABDOUL
4777;ADOLFO ANTONIO
4778;BENITO JAVIER
4779;CARLOS ANIBAL
4780;CARLOS FELIX
4781;CLAUDIO ANDRES
4782;DOMINGO FRANCISCO
4783;DOMINGO RAMON
4784;EDUARD GABRIEL
4785;ELIER
4786;FERNANDO SANTIAGO
4787;FRANCISCO BERNARDO
4788;HECTOR IVAN
4789;JAVIER AGUSTIN
4790;JESUS ISRAEL
4791;JHON SEBASTIAN
4792;JONATHAN MANUEL
4793;LUCAS NICOLAS
4794;LUIS FERMIN
4795;MAJD
4796;MARIUS FLORIN
4797;MATEO ALEJANDRO
4798;PABLO ESTEBAN
4799;SALVADOR DAVID
4800;SANTIAGO MARTIN
4801;TOMAS IGNACIO
4802;WILBER
4803;XOSE ANTON
4804;ADRIAN JAVIER
4805;ANTONI JOSEP
4806;AYRTON
4807;BRAYAN STIVEN
4808;CARLOS JAIME
4809;DAMIR
4810;DAVID EMANUEL
4811;EMIR
4812;EUTIQUIANO
4813;FERMI
4814;FERMIN JOSE
4815;FERNANDO AUGUSTO
4816;FERNANDO IGNACIO
4817;FRANCISCO ROMAN
4818;HEBER
4819;IGNACIO ALBERTO
4820;IZAR
4821;JESUS ERNESTO
4822;JESUS VALENTIN
4823;JONATHAN DANIEL
4824;LUCAS MARTIN
4825;MARIUS CATALIN
4826;MICHAEL JOSEPH
4827;MIGUEL ALEXANDER
4828;NATHANAEL
4829;PABLO PEDRO
4830;PHILIPP
4831;RAMZI
4832;RAUL DANIEL
4833;RAUL GABRIEL
4834;SHENG
4835;SOLAYMAN
4836;YIFAN
4837;ABDELKBIR
4838;ABEL ANTONIO
4839;ALONSO JOSE
4840;ANTONIO ALFREDO
4841;ARIA
4842;AUREO
4843;BALDUINO
4844;CARMELO ANTONIO
4845;CRISANTOS
4846;DEEPAK
4847;DIEGO JUAN
4848;DONALD
4849;EDGAR MANUEL
4850;EUGENIO ANTONIO
4851;FAHAD
4852;FRANCISCO ALONSO
4853;HAIDER
4854;ILIYAN
4855;JAMIE
4856;JOSE GILBERTO
4857;JOSE HIGINIO
4858;KEVIN ANTONIO
4859;KEVIN STEVEN
4860;KIRAN
4861;MANUEL JULIO
4862;MARIUS ALEXANDRU
4863;RODRIGO JESUS
4864;SEBASTIAN FRANCISCO
4865;SERIGNE SALIOU
4866;TOMAS ALEJANDRO
4867;YAREY
4868;ZUBAIR
4869;ABDERAHIM
4870;ALEJANDRO SEBASTIAN
4871;ALEKS
4872;ANDRES NICOLAS
4873;ANGHEL
4874;ANSUMANA
4875;ARMICHE
4876;ASHRAF
4877;DAVID ROBERT
4878;ERIZ
4879;FRANCISCO MARIO
4880;GEORGIAN
4881;GERMAN LUIS
4882;GONZALO LUIS
4883;IGNACIO ALEJANDRO
4884;JAVIER RAFAEL
4885;JOAQUIN PEDRO
4886;JUAN LEON
4887;MARIANO LUIS
4888;MAURICE
4889;NICETO
4890;OSCAR GABRIEL
4891;RAUL ANDREI
4892;ROMICA
4893;ABUBAKER
4894;ADRIAN ALEXANDER
4895;ALBERTO VICENTE
4896;ALEJANDRO MARIA
4897;BORYS
4898;BRAYAN ALEXANDER
4899;DAVID IONUT
4900;DYLAN ANDRES
4901;EMILIO CARLOS
4902;FLAVIANO
4903;GEORGE ALEXANDRU
4904;GERARDO JESUS
4905;HUGO ENRIQUE
4906;IGNACIO DAVID
4907;JAIME CARLOS
4908;JIANJUN
4909;JUAN ABEL
4910;KENAN
4911;KEVIN EDUARDO
4912;LUPICINIO
4913;MOHSINE
4914;MYROSLAV
4915;NELSON ANTONIO
4916;PABLO MARCELO
4917;RICARDO VICENTE
4918;STEPHEN JAMES
4919;ADRIAN VASILE
4920;BONAVENTURA
4921;CARLOS PATRICIO
4922;EDEY
4923;FELIX ANDRES
4924;GUILLERMO CARLOS
4925;JABIR
4926;JERONIMO JOSE
4927;JIANPING
4928;LAIN
4929;LUCAS ANDREI
4930;MATIAS JESUS
4931;MORGAN
4932;NELSON EDUARDO
4933;SCOTT
4934;SEBASTIAN ENRIQUE
4935;VENTSISLAV
4936;VICENTE DANIEL
4937;ALPHA OUMAR
4938;ANDRES RICARDO
4939;ARIEL ALEJANDRO
4940;ARNULFO
4941;CRISTIAN MAURICIO
4942;DINO
4943;ENEAS
4944;FRANCISCO ALFREDO
4945;FRANCISCO MATIAS
4946;GABOR
4947;HECTOR FERNANDO
4948;HECTOR RAUL
4949;IGNACIO ANGEL
4950;IVAN ENRIQUE
4951;JAVIER TOMAS
4952;JESUS NAZARET
4953;JON KEPA
4954;JOSE CELESTINO
4955;JUAN JACOBO
4956;LUCAS EZEQUIEL
4957;LUIS PATRICIO
4958;MARIANO ANDRES
4959;MARTIN NICOLAS
4960;MUSSA
4961;NESTOR MANUEL
4962;SANTO
4963;VICTOR ALFREDO
4964;VICTORIANO JOSE
4965;ABDERAHMAN
4966;ABSELAM
4967;ANGEL ADRIAN
4968;ASDRUBAL
4969;BOGDAN IONUT
4970;DANAIL
4971;DAVID MARIA
4972;EUGENIO FRANCISCO
4973;FELIX JUAN
4974;JAMES WILLIAM
4975;JESUS RUBEN
4976;JOHNATAN
4977;JOSE HERMINIO
4978;NEZAR
4979;OLIMPIO
4980;OSCAR ALEXANDER
4981;PETRONILO
4982;RICARDO RAMON
4983;SALVADOR JUAN
4984;SULEIMAN
4985;WEIJIE
4986;ZOUBIR
4987;ABDELLAZIZ
4988;ANTONIO BLAS
4989;BORJA JESUS
4990;BRAYAN STEVEN
4991;CHAO
4992;CONNOR
4993;DANIEL IONUT
4994;ELADIO JOSE
4995;EUGENIO JAVIER
4996;FABIANO
4997;FRANCISCO CRISTOBAL
4998;FRANCISCO SAMUEL
4999;GABRIEL LUIS
5000;HENDRIK
